event_id,shipment_reference,status,event_timestamp
31c80297-3c07-49e0-b07d-3cc26ebbf8eb,TV-200070,created,2026-07-06T09:08:00Z
4639ff08-3a1d-4e51-8a34-50462a43b05a,TV-200061,picked_up,2026-07-06T02:06:00Z
13f85740-5a24-4e17-8b0c-9dd05631310f,TV-200176,created,2026-07-06T10:16:00Z
7561ffbc-fd06-444f-b872-7d32bdea77ff,TV-200222,picked_up,2026-07-06T06:05:00Z
0753090f-5a0a-48dc-b86a-5414c35dcdff,TV-200303,created,2026-07-04T09:47:00Z
c4ac538d-11de-465d-a50e-55f8a203de83,TV-200009,picked_up,2026-07-02T09:29:00Z
1672d15b-8de0-46ab-b493-837bf04d2aa8,TV-200259,picked_up,2026-07-04T16:17:00Z
1f689b19-a33a-4bc4-8de6-12227542340a,TV-200265,delivered,2026-07-05T21:01:00Z
26080380-6044-42d3-b568-5be16213e626,TV-200030,picked_up,2026-07-02T05:09:00Z
5d581017-87bc-40e2-97d7-711fdda1bf05,TV-200018,picked_up,2026-07-04T00:56:00Z
4e8f9614-9a8d-432a-853e-feb6320b7eea,TV-200053,picked_up,2026-07-02T20:19:00Z
3c70ad09-379c-48b5-a46e-80d3692ce796,TV-200221,in_transit,2026-07-03T12:57:00Z
163c9aa3-a6fa-4388-b9c4-2521583b25f5,TV-200189,picked_up,2026-07-06T18:10:00Z
04f3749d-b986-4dee-9663-cc9a90d702b0,TV-200108,picked_up,2026-07-02T04:40:00Z
04e06c31-0866-4102-92b4-3e8b40586253,TV-200147,picked_up,2026-07-03T05:46:00Z
074a6ad1-2e17-4654-8e47-28f565337c94,TV-200095,delivered,2026-07-05T23:26:00Z
0e2750cd-58b2-48d2-bb46-010dbdfb4d82,TV-200135,picked_up,2026-07-02T13:16:00Z
9cc54a27-95b5-4392-95f2-9aecdda17b93,TV-200278,in_transit,2026-07-05T13:43:00Z
ef70c3ce-b274-4f09-8052-8a907d50457f,TV-200137,failed,2026-07-03T11:17:00Z
0ec79b49-46cb-482c-b382-ca27516c15f7,TV-200295,picked_up,2026-07-02T07:15:00Z
b235652a-f33e-4f34-bd26-8f8a336e4bf4,TV-200236,delivered,2026-07-02T20:23:00Z
5ae91ba0-a191-4ad8-b577-fc13d9e43e16,TV-200297,picked_up,2026-07-06T11:26:00Z
3fa36ea2-51dc-4a67-955a-ec29b8524a8a,TV-200136,in_transit,2026-07-03T14:13:00Z
72ba29f1-e21a-43af-9cf3-f91d1994bf9d,TV-200032,in_transit,2026-07-07T04:07:00Z
d236c835-bbea-4f2f-b5a8-9f4f4d84f4c4,TV-200061,created,2026-07-05T23:07:00Z
0c661d8d-2df9-4a2e-af90-4e7de1eceb99,TV-200131,created,2026-07-02T02:03:00Z
f755a5f7-4f3d-42ad-a410-e5a21e84302a,TV-200259,created,2026-07-04T09:12:00Z
b8476209-849c-4723-acfa-3faf543c74cc,TV-200171,picked_up,2026-07-03T11:07:00Z
eafd28e4-2880-4200-bbb9-d3d3ac4894c4,TV-200127,in_transit,2026-07-03T03:48:00Z
cef565d5-1a26-45f8-8325-67653838cd04,TV-200126,in_transit,2026-07-05T09:00:00Z
71457ea7-5777-4e1f-8801-4fdab859c5b6,TV-200241,in_transit,2026-07-05T11:15:00Z
427d1c98-5ba0-45a9-af99-b91829eb0b86,TV-200008,in_transit,2026-07-06T15:48:00Z
aee30943-413f-43e7-bc1e-7b948127d323,TV-200137,in_transit,2026-07-03T06:24:00Z
09b6e718-1c47-4a42-b305-198533526df9,TV-200289,created,2026-07-06T01:05:00Z
386b0ab5-b16c-44ec-9ac2-b44013e9c42a,TV-200107,in_transit,2026-07-06T00:49:00Z
8f129b12-a45e-4423-9a7d-f2168dda9204,TV-200267,created,2026-07-01T22:00:00Z
0e3905bd-690c-47b1-b59b-19c2288612ea,TV-200173,created,2026-07-06T04:31:00Z
53b22dcf-3b8f-497d-9d90-98b5c93c46d9,TV-200188,created,2026-07-05T23:36:00Z
0343a319-0120-44e7-b9b7-a6ab86b6aea3,TV-200281,in_transit,2026-07-03T15:42:00Z
48ac7e0b-53b3-497b-bcc5-dcc7481760e9,TV-200235,created,2026-07-03T20:55:00Z
fbc95656-9ac7-4448-afff-b53436093812,TV-200022,in_transit,2026-07-04T10:23:00Z
4537b193-382e-4f29-aa2a-fbb63eab7812,TV-200234,picked_up,2026-07-02T14:43:00Z
f9b67c77-f64a-40cd-a80b-5d36ca4d955d,TV-200034,picked_up,2026-07-02T09:14:00Z
b549b537-804a-458c-ac89-e940e4d0a06b,TV-200215,created,2026-07-02T08:45:00Z
51f210a9-1199-40dc-b18b-58cb71e6d10e,TV-200025,in_transit,2026-07-02T01:29:00Z
d50319af-c2b9-4168-a965-f3c64ae2bc69,TV-200254,in_transit,2026-07-05T07:41:00Z
24ff9ce6-aed5-4100-8f37-f1b970cd66d8,TV-200109,picked_up,2026-07-04T05:21:00Z
68aa0fdd-a803-4ee0-936f-f53fc8297ab9,TV-200264,picked_up,2026-07-04T21:39:00Z
7c48d103-6a94-4b39-b378-b093b8ffaa0e,TV-200219,picked_up,2026-07-06T10:33:00Z
808de8df-5831-42aa-bc4e-7ac40898c3b3,TV-200060,created,2026-07-05T04:40:00Z
04e06c31-0866-4102-92b4-3e8b40586253,TV-200147,picked_up,2026-07-03T05:46:00Z
3eee5774-9a00-4529-9776-f477fb396162,TV-200093,failed,2026-07-03T03:52:00Z
8bb29b4d-b471-41e0-a980-52f8102f05a0,TV-200201,in_transit,2026-07-07T08:29:00Z
954bea6f-c809-4bfc-8b17-737e4864ddc2,TV-200236,created,2026-07-02T02:06:00Z
a76c1519-0432-451c-8a35-7a8773ceed5a,TV-200054,picked_up,2026-07-03T11:47:00Z
1baab9d5-012c-4ddb-9ebb-ad86bdfdbe42,TV-200252,created,2026-07-05T19:26:00Z
14eae323-6c78-40b8-ae3d-be19b0e1b536,TV-200083,picked_up,2026-07-03T17:06:00Z
3d804f7a-d16e-434b-9186-402683110089,TV-200187,created,2026-07-03T21:37:00Z
e4cfc94a-2651-4467-8ca8-afb2e0c67ed3,TV-200156,picked_up,2026-07-02T01:23:00Z
dfd8cef9-8574-4fce-be03-82ed0f0a5b6d,TV-200160,picked_up,2026-07-03T13:25:00Z
2353da56-7b2f-4b78-8ba6-fe2e324014a8,TV-200284,delivered,2026-07-02T18:06:00Z
e568a304-25e0-45a2-937b-bcba5a17cbbd,TV-200015,created,2026-07-05T09:12:00Z
049f803e-40d5-4b8e-be4c-36a40806c789,TV-200258,created,2026-07-02T03:48:00Z
b032760d-4670-4250-b7ef-627704da3b73,TV-200088,picked_up,2026-07-04T14:20:00Z
d4c3e465-2584-49d3-a8df-1d9c51429565,TV-200220,picked_up,2026-07-02T02:20:00Z
1e21dbef-8f92-4a4a-8d6f-f92ca8add63d,TV-200234,in_transit,2026-07-02T16:36:00Z
fbc95656-9ac7-4448-afff-b53436093812,TV-200022,in_transit,2026-07-04T10:23:00Z
001694c7-baac-4eef-8974-d7066352df09,TV-200196,in_transit,2026-07-02T05:03:00Z
4006e596-003b-416a-9132-8cf8f562af0d,TV-200166,created,2026-07-03T07:07:00Z
e7ec212e-30e0-417d-a83a-b4916398e8ba,TV-200178,picked_up,2026-07-06T07:53:00Z
d0756915-8400-4832-a7da-bc08efcafdeb,TV-200200,created,2026-07-05T21:28:00Z
41bfca90-7866-476f-b876-f596fe6d1c08,TV-200253,created,2026-07-01T17:52:00Z
7f540e5c-bea6-48de-a3e3-f05eb2e6bcd1,TV-200093,picked_up,2026-07-03T01:25:00Z
192f624c-77a6-4779-baa0-2b1bdb2b8209,TV-200307,picked_up,2026-07-04T19:18:00Z
b41bcace-c47c-449c-ae47-4626b9af446d,TV-200001,created,2026-07-01T23:57:00Z
3155db89-9f33-4f87-bbf9-6297d7200221,TV-200002,failed,2026-07-06T04:11:00Z
180a9988-6402-4159-a9e4-8357ea2b77a7,TV-200004,created,2026-07-01T21:31:00Z
1d1d99eb-adc8-430e-bdd3-db0dd03d2270,TV-200150,in_transit,2026-07-05T06:05:00Z
37fc3cae-e7cb-4eae-96dd-82875cc579b6,TV-200257,created,2026-07-01T16:42:00Z
04205fb1-bf63-4502-abe6-279ded998e9b,TV-200142,created,2026-07-04T16:00:00Z
e32c0535-41ed-4d8f-bb4f-a50af6a7f53f,TV-200142,picked_up,2026-07-04T18:55:00Z
34d3d650-ca5e-4041-ac3b-c5715f42f04e,TV-200068,picked_up,2026-07-03T17:13:00Z
b941f6e5-e732-44b1-b928-ad77af9b834a,TV-200139,picked_up,2026-07-02T12:01:00Z
ae9c085a-d812-43d4-84d3-f6c61b6acdaf,TV-200119,created,2026-07-06T06:28:00Z
d58bf62b-2357-44f6-afaa-7126b39ac453,TV-200266,picked_up,2026-07-04T13:23:00Z
18a3ac28-6ab8-4f61-9ea5-08c9dae8d183,TV-200092,created,2026-07-05T01:59:00Z
a7337eea-1c95-4fe3-ae18-299de8ab6f80,TV-200255,in_transit,2026-07-02T09:45:00Z
a427d612-f6ab-4e6a-9ec5-38fa076a73d2,TV-200008,picked_up,2026-07-06T14:44:00Z
b1696e42-9327-468f-87cc-3371868ae0f5,TV-200264,in_transit,2026-07-05T05:38:00Z
13cff538-d5fb-46c9-b785-4fc9a22dc3f7,TV-200289,in_transit,2026-07-06T19:19:00Z
5ed5c2cc-362a-474d-9b73-a5577f902b5a,TV-200146,created,2026-07-02T01:24:00Z
193819d4-6d5c-4b6c-ac46-f97dc1abd6fb,TV-200141,in_transit,2026-07-06T17:50:00Z
016ef286-9e85-4aec-9b7b-c2b33d551d1c,TV-200271,created,2026-07-04T09:49:00Z
123b2c8d-3e49-44c6-8365-92bb57f20fc5,TV-200175,picked_up,2026-07-04T00:44:00Z
71bcd0e4-8eb8-487e-8356-22c329b50028,TV-200030,in_transit,2026-07-02T06:39:00Z
2ebc6f0b-21c6-4e83-b4ba-e043589d98b6,TV-200144,picked_up,2026-07-05T08:12:00Z
657d576d-e893-4f33-9825-c6f8dd5249d9,TV-200297,created,2026-07-06T08:37:00Z
69fbf5ba-be15-499c-a569-e54241748f0a,TV-200187,in_transit,2026-07-04T11:30:00Z
ab55c857-d0c3-4f27-97d6-78d0dc2042f6,TV-200201,picked_up,2026-07-06T23:36:00Z
dd3ff1c3-3be2-4f29-a1e0-e5837fea4398,TV-200086,in_transit,2026-07-05T16:46:00Z
776ad2ce-d183-46bc-8ee3-3db593047983,TV-200099,picked_up,2026-07-03T08:55:00Z
05a4278c-9707-44b6-b170-7b9ec0bd2bc5,TV-200106,picked_up,2026-07-04T10:05:00Z
875eea5b-074c-4933-9c5d-ef772d674127,TV-200251,picked_up,2026-07-03T15:40:00Z
cb12b490-0f21-4a75-bde3-324f14ab1073,TV-200105,delivered,2026-07-06T18:59:00Z
6baf47e8-21c5-42ad-899d-1a082fd7bff8,TV-200150,delivered,2026-07-05T15:42:00Z
036d2e93-bd79-4123-8bb1-b1aca8cca9df,TV-200246,created,2026-07-03T08:24:00Z
d1b718e0-4fc8-44dc-83d2-78deb785852a,TV-200107,picked_up,2026-07-05T22:19:00Z
3c46700e-afe5-41e9-8a4a-7e31e0653587,TV-200266,created,2026-07-04T07:53:00Z
ed29b128-862b-4896-9bbe-0ab86531df08,TV-200124,in_transit,2026-07-06T15:59:00Z
ade821ec-a746-436c-9454-c1216400af69,TV-200302,picked_up,2026-07-06T05:55:00Z
195477ff-5b57-4a56-a40c-4d6a8b2af757,TV-200219,created,2026-07-06T08:00:00Z
2c8ed040-5333-4e75-9f32-fcd022e066f5,TV-200303,delivered,2026-07-05T02:08:00Z
4231773c-b389-46e5-81a0-6a05f2722e13,TV-200227,created,2026-07-04T10:50:00Z
92ad7360-5c7e-44af-9659-2c17bd78abcc,TV-200275,created,2026-07-03T21:54:00Z
1a388833-4e61-43c2-ad63-71a35dda532d,TV-200111,picked_up,2026-07-03T10:08:00Z
33187e0d-c02d-4666-af5f-6537d7b93af1,TV-200203,created,2026-07-06T00:05:00Z
3b8eef52-fe97-4a3c-b881-02ee2eabaad0,TV-200254,picked_up,2026-07-04T21:49:00Z
9426592e-45c4-479e-bf0b-1d573f6286c6,TV-200163,created,2026-07-06T15:11:00Z
2e7d75e2-1c72-46c1-b69a-b96b8022b708,TV-200159,in_transit,2026-07-06T18:07:00Z
7e1a3789-b37b-4a51-b903-1e05c41445ab,TV-200075,in_transit,2026-07-03T16:30:00Z
6f35f5f9-ce4b-4c66-9720-301e81f6f8f5,TV-200177,picked_up,2026-07-02T04:06:00Z
965df706-c239-4005-add8-e538ce20cf83,TV-200175,created,2026-07-03T15:08:00Z
c2e7aae5-9e2c-4d79-8b08-46ef43d9ac52,TV-200216,in_transit,2026-07-05T07:11:00Z
d572f595-acef-43b4-baa0-1d68c1c74143,TV-200196,created,2026-07-01T19:05:00Z
7490fef9-2ede-442f-9993-bac698dbedc3,TV-200014,created,2026-07-04T13:25:00Z
27aa492b-442f-4a75-a08a-7fd2e12cb8df,TV-200036,picked_up,2026-07-05T03:43:00Z
c9fd5803-9eb1-4b4a-9146-5b543327ee32,TV-200069,created,2026-07-02T04:24:00Z
61716c52-c0b4-4aa4-ad94-50d684fc1b45,TV-200177,created,2026-07-01T19:42:00Z
af0a44e2-4e4a-4528-b5b9-76d5cc6f51be,TV-200009,in_transit,2026-07-02T19:14:00Z
e45851a8-0b63-4043-b04b-caa95e20de6c,TV-200131,picked_up,2026-07-02T06:09:00Z
27d5899a-9256-4a5c-8bb4-6ff4690024fe,TV-200134,picked_up,2026-07-03T10:44:00Z
14d825be-fe92-4cb4-9177-b8f661d6ecbd,TV-200143,picked_up,2026-07-03T07:50:00Z
bc976f49-933f-46e8-8974-3480fc0cca6a,TV-200193,in_transit,2026-07-05T19:31:00Z
536f72b1-8563-45f7-87d3-7bc0abfc6f53,TV-200284,created,2026-07-02T08:38:00Z
78c54b7b-77aa-401a-a603-23105c225eed,TV-200119,in_transit,2026-07-06T17:29:00Z
b2f16190-e247-43ee-9e5d-d1283011179b,TV-200094,created,2026-07-04T00:55:00Z
849ecf87-5857-4ef7-a0c8-d5f2771b83b3,TV-200040,created,2026-07-04T01:09:00Z
0df5fd0f-ac07-40eb-bed8-e0c4159552e4,TV-200067,picked_up,2026-07-04T21:57:00Z
42e14d40-7f76-4c0b-8e10-56276852de36,TV-200025,picked_up,2026-07-01T22:07:00Z
0ab5d55f-6ccd-4224-9a79-56e20ef9dc67,TV-200074,failed,2026-07-03T23:35:00Z
411aad7e-7ce4-4040-a20a-43979131bed3,TV-200070,picked_up,2026-07-06T12:29:00Z
f23f568f-6447-477c-9af8-47e99ca5baad,TV-200034,in_transit,2026-07-02T10:39:00Z
41331ec3-229e-4c6f-bec4-eec3b929aa84,TV-200128,created,2026-07-03T03:12:00Z
422f0d37-2881-4650-96eb-e70a170c483e,TV-200250,created,2026-07-05T13:16:00Z
9105e95a-5f6e-446d-9d5e-417de1ec689a,TV-200229,picked_up,2026-07-05T07:28:00Z
4aa77cb0-672a-4825-bd09-712502c0aeef,TV-200101,picked_up,2026-07-05T13:50:00Z
1674bc8c-dbaa-44f2-9a41-a39950696d11,TV-200306,created,2026-07-04T17:26:00Z
041f2410-ecbd-4c09-a141-4e33e4eea75b,TV-200302,created,2026-07-06T04:31:00Z
c9267de0-faa5-4349-a6f5-75896c7338ae,TV-200134,created,2026-07-03T06:28:00Z
28f942d2-c0e5-49f1-b70a-44c1635dc119,TV-200074,picked_up,2026-07-03T17:29:00Z
5d9e6734-1443-4147-a2ab-979090a5b74d,TV-200030,created,2026-07-01T20:32:00Z
e8c6d1c0-7151-452f-9e8d-e762e64cce86,TV-200224,created,2026-07-04T06:37:00Z
7ea11600-3f1a-4c86-89a0-9b6d2b5c839d,TV-200041,created,2026-07-01T22:48:00Z
212cb177-de50-48a8-bd0c-00445d40e64f,TV-200279,created,2026-07-03T17:21:00Z
e490089a-48ce-41a3-a543-6e51ad8eb7b7,TV-200271,delivered,2026-07-04T22:07:00Z
fc96ddaf-088f-4d9c-8c51-a3faf986dbac,TV-200050,picked_up,2026-07-02T08:12:00Z
472cec31-b8ba-4537-9a23-c7baaa89cc8f,TV-200250,picked_up,2026-07-05T22:35:00Z
cf26ab39-c2c5-4174-8ede-938d3ed26fab,TV-200154,picked_up,2026-07-04T04:47:00Z
eac049e4-5a55-470b-93bb-9a6d927bed64,TV-200004,picked_up,2026-07-02T01:14:00Z
6132ebbb-62ae-4109-b2b9-93acdb413bb0,TV-200075,created,2026-07-03T09:54:00Z
cd8598ce-d0a2-4bd0-b573-aac7fcf25ab9,TV-200130,picked_up,2026-07-05T23:26:00Z
5d30e208-fd85-4376-a623-4d7cf7e17d30,TV-200241,created,2026-07-05T05:36:00Z
bccf91ca-61c4-4cdf-9918-4ba313e3697b,TV-200095,picked_up,2026-07-05T06:54:00Z
2b28c48f-7c36-40ff-997a-0be280c634c7,TV-200005,created,2026-07-04T02:23:00Z
ad79c421-dca3-4b43-85fa-71207f7d7b10,TV-200207,delivered,2026-07-03T16:51:00Z
25db8641-e34d-445f-955b-b575be3c191f,TV-200295,in_transit,2026-07-02T13:57:00Z
0c33a0a2-0a25-4df3-bb16-b46becf3491a,TV-200288,created,2026-07-06T05:39:00Z
c289349a-8351-4b7a-af75-2e8b76a83437,TV-200216,picked_up,2026-07-05T01:10:00Z
5c5bb91f-b588-4c61-b45c-4496010ced30,TV-200039,created,2026-07-06T05:31:00Z
d687729a-a119-4a9d-87c1-0cdee7444e23,TV-200008,created,2026-07-06T09:54:00Z
ef62e962-20d9-4093-b7a5-78bbbfb8b7f0,TV-200285,delivered,2026-07-06T12:37:00Z
173ad3d2-a7cc-408f-a10b-926665b47eda,TV-200111,in_transit,2026-07-03T11:51:00Z
d84e1b3f-0f3b-4357-8eb7-08a28c194d3d,TV-200195,delivered,2026-07-04T03:31:00Z
e065e574-e815-44d7-bbd0-b203f0f79383,TV-200113,picked_up,2026-07-01T18:53:00Z
4be42774-5578-42cb-b970-a40495bd3354,TV-200082,picked_up,2026-07-06T00:42:00Z
5817b08c-ff90-4d78-91b7-78eab5185def,TV-200211,created,2026-07-03T20:12:00Z
e96a057c-6449-459d-8142-88865acdab1b,TV-200217,created,2026-07-06T05:24:00Z
364d79bb-7a67-493f-95d3-e2c3076b9a4e,TV-200045,picked_up,2026-07-02T04:16:00Z
135a1001-2e51-43a3-941c-a9ab63f83eca,TV-200262,in_transit,2026-07-03T17:13:00Z
be5870bd-340f-440e-9a84-e27f97ffa192,TV-200153,in_transit,2026-07-03T17:59:00Z
2df1e470-66d2-40af-b3b8-6ff411b8a4d7,TV-200198,picked_up,2026-07-02T22:52:00Z
92ad7360-5c7e-44af-9659-2c17bd78abcc,TV-200275,created,2026-07-03T21:54:00Z
2ee0212d-bb79-48ed-b547-b9895223bfbe,TV-200126,created,2026-07-05T02:07:00Z
a458ae76-9248-4307-a253-b3ade7f8a76c,TV-200188,picked_up,2026-07-06T02:50:00Z
9154842d-19b9-47c6-88df-9f63b6503098,TV-200079,in_transit,2026-07-02T23:28:00Z
65572d73-fa26-4eb1-96bd-e44745e666d5,TV-200060,in_transit,2026-07-05T12:07:00Z
28bd6f49-b2e0-4910-87a9-9d3c9ce5603e,TV-200100,picked_up,2026-07-02T10:03:00Z
2edcc2fb-4d18-46fd-8871-6942c7c7aee9,TV-200087,in_transit,2026-07-03T09:50:00Z
5660864f-7e34-4055-91ad-e6e49fee35a0,TV-200274,in_transit,2026-07-04T23:37:00Z
21799174-2ec6-44cc-81de-03d660603b96,TV-200211,in_transit,2026-07-04T06:39:00Z
06255159-4888-409f-87ba-656a5697b677,TV-200218,created,2026-07-02T17:47:00Z
c28fb1c4-512e-43d6-affd-981604f6a0e6,TV-200017,created,2026-07-02T22:48:00Z
db44bbd9-82db-4007-8b73-2851004d61df,TV-200087,delivered,2026-07-03T11:36:00Z
79f8569e-bf3d-4017-aad4-43ec719e071b,TV-200283,created,2026-07-06T02:47:00Z
6cce9720-c999-4b33-b039-3204e8ad830e,TV-200013,created,2026-07-05T08:23:00Z
22d4dbd9-4564-4d71-9cce-532478535372,TV-200035,in_transit,2026-07-04T20:24:00Z
c349e14d-ac6b-4dca-b638-a4ef33ca895c,TV-200036,created,2026-07-04T23:29:00Z
39d61d12-afba-400d-a6c1-bc417f0dd367,TV-200106,created,2026-07-04T03:07:00Z
ac5e9f38-672e-498f-a065-4f3afa040f0a,TV-200180,created,2026-07-03T22:58:00Z
9a0efbe4-d04a-4cd1-9096-dfff8a39a2ac,TV-200045,created,2026-07-02T01:06:00Z
f88fed11-05ad-43ee-9736-e29c56ed73d1,TV-200033,in_transit,2026-07-04T00:11:00Z
3d47b7aa-9f0f-40cd-95aa-45ac4a6e492d,TV-200149,picked_up,2026-07-03T08:12:00Z
06b1b0a1-627a-4151-b778-19198b5c6792,TV-200161,created,2026-07-04T08:53:00Z
ade5bba4-3d88-49d7-85e0-98f898aff5d7,TV-200275,in_transit,2026-07-04T05:09:00Z
4315feb4-eefb-4dc9-878c-a1b75ee7ae38,TV-200281,created,2026-07-03T05:34:00Z
f263dda2-f001-47dc-a4a7-592303b9601d,TV-200219,in_transit,2026-07-06T20:06:00Z
8f033a47-735f-49e8-bcc3-9ad032e4a9ef,TV-200155,in_transit,2026-07-02T09:30:00Z
510dc1dc-0873-4e87-8a05-d76971e9de17,TV-200036,delivered,2026-07-05T06:04:00Z
a1b98424-a7ec-4b29-a32d-fb41ecbb6e66,TV-200058,picked_up,2026-07-02T04:31:00Z
1b832317-1c42-430f-8027-71ac0282ac8f,TV-200053,delivered,2026-07-03T13:46:00Z
0753090f-5a0a-48dc-b86a-5414c35dcdff,TV-200303,created,2026-07-04T09:47:00Z
e1f4e785-d6bc-49b6-b3e7-34dffd030e4c,TV-200114,created,2026-07-02T09:12:00Z
5a1280cb-477c-458b-abbc-37ea5f3a34ca,TV-200122,picked_up,2026-07-05T09:52:00Z
4173e5ad-c73c-4492-8bda-fc031eb55d32,TV-200279,picked_up,2026-07-03T19:51:00Z
4f118c7a-2bff-4d73-b7c2-8aa4ec980608,TV-200006,created,2026-07-05T14:51:00Z
df37f808-e1ab-48e8-8703-85595dcc24d7,TV-200024,delivered,2026-07-04T00:46:00Z
f200990e-454d-40f7-a341-f2d69f275bb0,TV-200256,picked_up,2026-07-05T05:29:00Z
e8bda35e-5f3f-4fee-b2dc-97cca7163ed2,TV-200086,picked_up,2026-07-05T08:54:00Z
f7f32379-a55d-45ea-bfd6-6d404fba13ba,TV-200308,created,2026-07-03T19:31:00Z
ef9550dc-2a92-4851-b435-2231ad8953c9,TV-200304,picked_up,2026-07-04T01:18:00Z
f889340b-ed26-44e6-9e58-49e2e9c7f7d2,TV-200144,in_transit,2026-07-05T15:01:00Z
a9498613-ece6-498a-9864-0b19d266b93e,TV-200012,picked_up,2026-07-03T12:34:00Z
9e915a50-773c-4da4-afb8-9eaf63e0bd05,TV-200027,picked_up,2026-07-03T23:40:00Z
f162c150-9650-41cc-bb4a-649cd0159596,TV-200180,in_transit,2026-07-04T09:04:00Z
47fc31a6-a9bf-41dd-b64d-fd9a3b4e333b,TV-200029,created,2026-07-06T13:32:00Z
d0962424-e39d-4c0f-8982-e146b17797c5,TV-200289,picked_up,2026-07-06T09:59:00Z
a502a1b3-96af-42df-9006-913aeabbd6ab,TV-200153,picked_up,2026-07-03T09:40:00Z
9da07a3f-8cc5-4518-8023-0ff5b29ef257,TV-200066,picked_up,2026-07-02T06:46:00Z
8fc10d9c-2332-48d9-835f-639e6abc7f6f,TV-200244,picked_up,2026-07-02T06:06:00Z
8d28a887-020e-4800-ad45-923a5d82050e,TV-200201,created,2026-07-06T14:13:00Z
7311c7b3-7561-44cc-906f-d7164ad49c26,TV-200210,picked_up,2026-07-02T06:10:00Z
cc3f508d-f44d-493e-924a-8b7bbfcd9a57,TV-200245,picked_up,2026-07-04T02:54:00Z
912c40f6-2516-4d5c-acee-71f09af354a1,TV-200062,delivered,2026-07-03T12:31:00Z
8d70656a-001a-46db-a196-dde7fe2b168f,TV-200165,created,2026-07-05T05:15:00Z
f4ef577f-b190-445a-adca-b202d66280f6,TV-200143,created,2026-07-03T03:16:00Z
a630c0b4-ad77-4fe2-9aef-4b68f2fca1de,TV-200274,picked_up,2026-07-04T16:56:00Z
0330fef6-2532-4865-81c9-909d730d2b34,TV-200301,in_transit,2026-07-03T01:26:00Z
386b0ab5-b16c-44ec-9ac2-b44013e9c42a,TV-200107,in_transit,2026-07-06T00:49:00Z
5c6e7988-613d-4a4f-b0dc-cc7c6d697b9a,TV-200005,picked_up,2026-07-04T02:49:00Z
2dd6fd36-ba91-4f23-85dd-610ed58cf3e8,TV-200066,failed,2026-07-02T10:15:00Z
17cab0e4-1f71-445d-be91-c57a645f1baf,TV-200074,created,2026-07-03T13:16:00Z
a7835b52-668e-4a80-a7b5-9938fc3b583a,TV-200096,picked_up,2026-07-04T08:20:00Z
1d0477d0-33e7-44fe-8bb6-f45ad7f9449b,TV-200019,delivered,2026-07-05T17:44:00Z
6021727d-8cf1-4574-aef7-f307dee6df2b,TV-200288,picked_up,2026-07-06T12:15:00Z
92a88274-58d6-48f0-b83c-705d762f789f,TV-200197,picked_up,2026-07-06T04:29:00Z
60152241-b2e9-4b71-be3e-bd2c5ca6f58b,TV-200278,created,2026-07-05T09:25:00Z
497359df-c06e-4b09-9f79-1a2782809bc5,TV-200162,created,2026-07-02T01:43:00Z
c4a7cb15-61c0-4977-9a5f-6aa9c23f4012,TV-200179,delivered,2026-07-05T10:27:00Z
eff51743-e597-4fc7-a4c1-656e586ae5ec,TV-200063,picked_up,2026-07-02T21:23:00Z
ecad0460-8227-49d1-8a33-c0b495a8c7df,TV-200022,created,2026-07-03T20:25:00Z
60d5d8d7-1feb-4c3b-9c2c-437b2ebf5cb0,TV-200004,delivered,2026-07-02T18:21:00Z
f7a27cad-15ed-49d4-b3d9-85689349e047,TV-200074,in_transit,2026-07-03T21:37:00Z
15a1d135-cd04-4d75-b30d-63715eab5d1f,TV-200060,picked_up,2026-07-05T07:17:00Z
b52ded4d-43f0-4ed9-abf7-194b045488e2,TV-200223,picked_up,2026-07-04T15:30:00Z
68017ca9-9988-45f3-9408-a41bdd05cc77,TV-200051,in_transit,2026-07-02T17:29:00Z
5dd9dab2-2485-468c-9637-6e9f06652592,TV-200015,in_transit,2026-07-05T19:08:00Z
90946647-c11c-4056-ae45-384bccf61241,TV-200198,delivered,2026-07-03T05:28:00Z
5a93f3c4-cf83-41d0-aa03-3a433fc22bd3,TV-200280,in_transit,2026-07-06T02:35:00Z
83ede115-347b-4ccf-a166-1e0982b6faa8,TV-200011,delivered,2026-07-03T04:24:00Z
6df13acd-4027-4cdd-96d8-c81798bca7fd,TV-200186,created,2026-07-01T20:08:00Z
b5717ee9-8d1c-49c8-99cb-1fc5af8657b5,TV-200041,picked_up,2026-07-02T06:00:00Z
a119f25c-a45a-4c36-a7f7-2ed794a50593,TV-200218,delivered,2026-07-03T02:56:00Z
37c75b2a-89ef-491a-a9d5-82611daf2c83,TV-200072,created,2026-07-06T03:15:00Z
45aebab2-612b-408e-8cbb-35b45a6a5d38,TV-200158,delivered,2026-07-06T01:04:00Z
2814d058-d6c4-4ee3-9f8e-c37431202ef7,TV-200140,created,2026-07-04T09:12:00Z
49b7202c-9612-4012-8982-527884202fb0,TV-200033,picked_up,2026-07-03T16:23:00Z
82db19bf-fb7c-44f9-b83f-3af337314786,TV-200310,in_transit,2026-07-06T00:59:00Z
8da605c1-984e-41fa-bc0c-723ada639100,TV-200028,picked_up,2026-07-01T22:35:00Z
1b9b5a41-c649-458b-b43d-1332369f2407,TV-200212,delivered,2026-07-02T19:28:00Z
40b78fca-c38f-4966-9d75-317afc64a8e7,TV-200078,created,2026-07-05T17:09:00Z
5d5f4950-580f-4ad4-81bd-660202f25713,TV-200284,in_transit,2026-07-02T14:41:00Z
f71e5bd5-f332-4937-82de-bf4ae94e1764,TV-200039,in_transit,2026-07-06T11:01:00Z
98c07e3a-3ba7-4358-b207-ed02685c600f,TV-200269,picked_up,2026-07-05T10:52:00Z
c28cb342-95eb-4338-a5c4-7192e23834f9,TV-200090,created,2026-07-04T21:01:00Z
bcba3c6e-8df0-44ff-b18b-a73bed9590d5,TV-200072,delivered,2026-07-06T13:21:00Z
ab190ca7-1ca3-4873-a921-677eae66aeef,TV-200078,in_transit,2026-07-06T09:58:00Z
f63ce217-1755-4237-bc10-91a811178bb1,TV-200263,picked_up,2026-07-02T12:14:00Z
03815f18-6b71-4b4e-a922-6da9ff3cca79,TV-200197,created,2026-07-05T22:09:00Z
b549b537-804a-458c-ac89-e940e4d0a06b,TV-200215,created,2026-07-02T08:45:00Z
c9096301-197d-4931-93c9-72688aabc424,TV-200038,picked_up,2026-07-04T20:36:00Z
d8668148-5ad9-47b7-9a2c-bf4083feb371,TV-200023,created,2026-07-05T07:09:00Z
04d6b0c5-a29a-4982-9ee2-1ccce14e1a72,TV-200114,delivered,2026-07-02T22:22:00Z
0fc3632b-2d53-4e9f-8f6b-603d3fcd4ca8,TV-200259,in_transit,2026-07-04T21:54:00Z
39795ade-b945-4b19-9161-5490094840a4,TV-200117,created,2026-07-01T17:09:00Z
f6babdb8-c8c3-4e7b-b6b1-c4351d5dacb9,TV-200032,created,2026-07-06T14:39:00Z
b5e541e0-7acc-4322-bea0-6f7eaacba692,TV-200299,picked_up,2026-07-02T00:10:00Z
1534b3b9-189a-4be1-af91-7522149c6b11,TV-200281,picked_up,2026-07-03T09:33:00Z
fb14f368-8291-4da5-98a0-6525e3abeedc,TV-200120,picked_up,2026-07-05T10:28:00Z
bb1b6e4d-dea6-4017-b98b-7fae42cdf239,TV-200091,picked_up,2026-07-03T02:11:00Z
8f2dc171-683a-4ec9-a73a-b617489f63a9,TV-200279,in_transit,2026-07-04T05:10:00Z
3817cca1-8ef1-4b05-b1e2-48155b2545b7,TV-200064,picked_up,2026-07-01T17:03:00Z
16bd03e5-5329-41e1-bd65-743f14f8aa13,TV-200065,created,2026-07-02T13:55:00Z
fb8f5d10-4557-4d8a-a0b3-6f33f2c3c84b,TV-200280,picked_up,2026-07-05T20:05:00Z
04e49d84-2faa-458f-be27-5549d592ad09,TV-200215,picked_up,2026-07-02T10:38:00Z
2d4d705e-1c3c-49b1-9dcb-4188e82a82cc,TV-200118,picked_up,2026-07-04T23:22:00Z
25e42ff1-96ad-4fb5-a9cd-fa0798e80b3b,TV-200249,picked_up,2026-07-02T13:25:00Z
2f0defd5-7577-44a8-a752-83f3a4c7d5e6,TV-200024,in_transit,2026-07-03T21:45:00Z
808de8df-5831-42aa-bc4e-7ac40898c3b3,TV-200060,created,2026-07-05T04:40:00Z
29b86515-0773-4898-9375-94df9c2a2101,TV-200069,delivered,2026-07-03T00:31:00Z
2b1abb55-6f74-40e6-985f-50387af96f85,TV-200183,picked_up,2026-07-05T15:47:00Z
d65c0576-7f49-40db-a814-3c6b2e6f34a9,TV-200006,picked_up,2026-07-05T20:59:00Z
adce66ab-eb2c-4225-a807-c78130e7b33b,TV-200221,delivered,2026-07-03T14:10:00Z
bba14bc6-3d2b-4557-89fc-68cbf5c7d136,TV-200307,in_transit,2026-07-05T03:39:00Z
ed402685-f83a-4562-b6b2-4531f7ae37bc,TV-200277,in_transit,2026-07-02T09:46:00Z
b5435b51-f0f1-4887-8239-6332110873d5,TV-200172,in_transit,2026-07-04T14:35:00Z
cce945d3-e359-4c16-bbd4-3b4af6459072,TV-200296,created,2026-07-03T15:20:00Z
c61bc623-bc9a-476b-9564-bb90fd321bc9,TV-200287,created,2026-07-03T01:22:00Z
86340296-bd5a-4848-b383-29308f3babc3,TV-200072,in_transit,2026-07-06T11:11:00Z
2c6f1800-0822-4fca-9c27-43601f8fc9c2,TV-200225,picked_up,2026-07-06T01:58:00Z
65067dbd-2951-4920-8816-7f1246c70bbb,TV-200012,in_transit,2026-07-03T15:40:00Z
83ffae50-5da7-45d8-9111-d4855dd72ea2,TV-200246,in_transit,2026-07-03T11:23:00Z
96321b2d-5c19-4b2b-95b7-8686a4f98ad2,TV-200116,in_transit,2026-07-05T05:56:00Z
97eebf25-b7ca-4d6b-b714-3c4c17877bf5,TV-200001,picked_up,2026-07-02T04:58:00Z
c98fb686-736a-48fe-b68c-87cbdce62cba,TV-200043,in_transit,2026-07-03T02:56:00Z
1b5054f9-f1b5-4603-b1a6-ee02e8442e5e,TV-200067,delivered,2026-07-05T01:29:00Z
0a70850d-63d1-4a94-bb36-ab3c6261668e,TV-200004,in_transit,2026-07-02T10:52:00Z
fe511bdb-441a-4cc1-8b30-355c5ea3f8cc,TV-200152,picked_up,2026-07-02T00:51:00Z
257bb59a-0d88-4906-bced-658a226385c9,TV-200078,picked_up,2026-07-06T00:55:00Z
56f06a66-3ebc-4424-94d3-b5dc33eb4977,TV-200212,in_transit,2026-07-02T18:35:00Z
c2da8929-2509-4c54-8f9c-fa483083eed7,TV-200251,created,2026-07-03T15:13:00Z
e1f4e785-d6bc-49b6-b3e7-34dffd030e4c,TV-200114,created,2026-07-02T09:12:00Z
c7117bfe-8ea0-4f68-b0bd-456fdefac114,TV-200195,picked_up,2026-07-03T19:44:00Z
9022d7b5-19ae-4da3-962e-7ec371b80be5,TV-200247,created,2026-07-01T16:30:00Z
71471f9d-bbbc-41d9-b283-ffb58e41c0ba,TV-200278,delivered,2026-07-05T19:20:00Z
e6ee13da-8ed0-4966-93ba-2e7aae71524d,TV-200275,picked_up,2026-07-03T23:07:00Z
cc7555e5-d4ae-4faa-9278-218c5dd1cef1,TV-200119,picked_up,2026-07-06T16:27:00Z
d8df0878-3094-4a74-a1e8-a992dbd2d0bc,TV-200010,picked_up,2026-07-05T06:32:00Z
95952b2e-c728-484a-a798-91d3750e1cc6,TV-200183,created,2026-07-05T06:13:00Z
d8cc15df-2bab-40df-9242-17335d0a4ee0,TV-200086,delivered,2026-07-06T00:38:00Z
86800f53-4e9b-477d-bde2-148992dd15de,TV-200231,created,2026-07-06T14:10:00Z
e05d2029-5dfa-47cb-9a96-8128b3a0c8c8,TV-200245,created,2026-07-03T18:50:00Z
552449bf-400d-4c3a-a100-de33f442185d,TV-200294,in_transit,2026-07-02T14:56:00Z
0a611345-9f20-4219-9087-ab54513392d5,TV-200276,created,2026-07-05T11:32:00Z
c19425ee-0afc-4297-ba16-58aefb476f0f,TV-200020,failed,2026-07-03T11:07:00Z
66863b9d-4345-4177-bf00-15665e908c1a,TV-200075,picked_up,2026-07-03T11:25:00Z
2112123d-1334-4a66-824d-b2666ff4e60e,TV-200292,picked_up,2026-07-05T20:42:00Z
3ccfdbcf-a420-4ad2-8449-f43d745d6670,TV-200244,created,2026-07-02T04:13:00Z
0ca00293-df74-44a7-b43a-7ee33b50c4b6,TV-200017,picked_up,2026-07-03T04:30:00Z
b91b4962-37fc-48c6-b19e-50e837f33555,TV-200042,picked_up,2026-07-02T23:12:00Z
94d8c558-d299-466e-8923-06a29e0b906a,TV-200090,in_transit,2026-07-05T12:31:00Z
9e4e9b72-5646-4540-a491-1fb4f629e7f1,TV-200129,created,2026-07-02T00:08:00Z
57ed5e36-49ca-493a-abf3-49c92936ebd8,TV-200035,picked_up,2026-07-04T19:57:00Z
16bc82da-ac94-4731-9e9b-9a57bc8f1476,TV-200146,in_transit,2026-07-02T10:10:00Z
6b6fc81a-e41c-43be-848c-eea3bafad725,TV-200178,created,2026-07-05T23:06:00Z
632fe265-0d4c-4154-8d4d-09242970a552,TV-200169,created,2026-07-04T01:20:00Z
0706d6f0-c0f8-4b8d-956e-207502e5f6b8,TV-200145,created,2026-07-03T08:14:00Z
51f332f4-538a-4e35-9e41-0eeb6cd83435,TV-200221,created,2026-07-03T04:48:00Z
02bb4dd1-7f8d-4dbb-bac9-d14dea84aa06,TV-200257,picked_up,2026-07-01T19:57:00Z
c27d89f7-deea-45ac-b716-4cc1bccfb159,TV-200062,picked_up,2026-07-02T22:44:00Z
465f1862-bc18-45b9-9c25-f1fb7af0b860,TV-200182,created,2026-07-05T02:25:00Z
a5945e4f-82aa-4e3a-8cc2-fa31a1234ac7,TV-200132,picked_up,2026-07-03T16:49:00Z
0798022b-26ba-4240-b6e9-3d9e765bbf1d,TV-200089,created,2026-07-06T01:50:00Z
87d7f57d-6986-4b54-a134-a4af075e91bf,TV-200207,picked_up,2026-07-03T01:02:00Z
13595b86-6a38-401e-a38c-3d82e1b3cf79,TV-200180,picked_up,2026-07-04T01:45:00Z
a3152a57-e16a-47ed-bb2d-ace16022e814,TV-200239,picked_up,2026-07-06T12:08:00Z
5c13b205-0462-42e4-95d0-2bcb3cb0ba28,TV-200042,created,2026-07-02T13:43:00Z
d0033ab0-aaad-4f7c-a1cc-809d054b885a,TV-200171,in_transit,2026-07-03T13:55:00Z
7325a541-ec21-4af0-829f-71d5b060da82,TV-200112,in_transit,2026-07-04T21:18:00Z
44bfb232-0b59-4fa3-8714-c818dbef9c3f,TV-200091,created,2026-07-02T17:25:00Z
91d81ed4-0433-46f0-87a8-0eab7c457647,TV-200306,picked_up,2026-07-05T02:25:00Z
c9351a28-e292-45fd-9c36-ffa6b9d98a55,TV-200301,picked_up,2026-07-03T00:18:00Z
f0887ac4-8a8f-42a9-b554-923052e0c347,TV-200154,created,2026-07-03T19:55:00Z
a2e8a219-5297-4e61-82c6-5f25422ba512,TV-200179,picked_up,2026-07-05T00:35:00Z
0e2750cd-58b2-48d2-bb46-010dbdfb4d82,TV-200135,picked_up,2026-07-02T13:16:00Z
6591cd8e-93ce-4ec9-afcc-fe38263ccc59,TV-200257,in_transit,2026-07-02T04:08:00Z
a055c098-95b9-407a-a379-8fff864995b6,TV-200155,picked_up,2026-07-02T03:40:00Z
c9351a28-e292-45fd-9c36-ffa6b9d98a55,TV-200301,picked_up,2026-07-03T00:18:00Z
46eb6be9-415c-4359-9952-695e92e15a33,TV-200237,picked_up,2026-07-03T17:01:00Z
81a53d53-69cb-4b69-9124-4ed148794313,TV-200287,picked_up,2026-07-03T05:46:00Z
c0f3e8ee-67a3-4d1a-9425-dbc9c7a35c7d,TV-200191,picked_up,2026-07-06T11:21:00Z
3d9710e0-c66c-4644-9de7-bb2f64e9013e,TV-200038,created,2026-07-04T12:12:00Z
13be3d68-d99c-4e6b-842e-c20b3185cd93,TV-200105,created,2026-07-06T01:17:00Z
39c8b0b3-b983-4851-899c-429bd5aec245,TV-200063,created,2026-07-02T19:29:00Z
c8aad6e2-dc4f-4fda-9f8a-e473a7f0ac67,TV-200267,picked_up,2026-07-02T06:59:00Z
9b12e624-72d2-4baf-86a5-e84e85d4eede,TV-200276,in_transit,2026-07-05T21:20:00Z
37df49ed-c3b1-46f2-9185-618ce768d1c7,TV-200132,created,2026-07-03T08:25:00Z
f499cacf-6c01-47f9-9b8d-104a83e31b5f,TV-200267,in_transit,2026-07-02T08:34:00Z
afcc127d-4d52-41e6-b12c-ae78e439125f,TV-200053,in_transit,2026-07-03T03:48:00Z
e92d802f-fbb4-4d6a-9698-a546e732e124,TV-200117,in_transit,2026-07-02T06:59:00Z
d58179c6-6129-46a9-b914-369b5c6c5bcb,TV-200085,picked_up,2026-07-03T10:37:00Z
7d632bc5-13a1-47a9-87cd-24e9a447b2dd,TV-200115,picked_up,2026-07-03T02:43:00Z
3273ddc7-de54-4c8f-9724-b9a77375dac2,TV-200138,created,2026-07-02T22:33:00Z
7139da38-c730-4aa9-b992-606cc362ed7f,TV-200134,in_transit,2026-07-03T13:07:00Z
558817bd-6ee5-4f22-9e74-5115d6614be6,TV-200255,created,2026-07-02T00:56:00Z
1496db54-c187-49bd-b1c7-0b9274cf2ab8,TV-200170,picked_up,2026-07-03T13:50:00Z
0b45feae-d0e0-46d7-b595-833e1df18226,TV-200021,created,2026-07-02T07:55:00Z
9dd8f653-b2a3-48ac-b57e-49c570f74e9c,TV-200206,picked_up,2026-07-06T01:53:00Z
9ad920c3-d19c-4ba9-ab53-eb4074f5d234,TV-200247,delivered,2026-07-02T12:55:00Z
65ef3cba-9cc4-404e-9ef0-00ad1a42fd1b,TV-200208,picked_up,2026-07-02T23:52:00Z
c6c11429-f2b6-44a6-adea-8d5e829009c9,TV-200174,picked_up,2026-07-06T13:53:00Z
5dfc9d54-df94-49b2-abc0-5238c0a9daae,TV-200255,picked_up,2026-07-02T01:59:00Z
47d24baf-3a2a-44d8-8707-ae3a37f2fc5c,TV-200164,picked_up,2026-07-03T01:16:00Z
da5e36c6-c0e2-4966-8a8e-41c8527ed095,TV-200141,created,2026-07-06T14:08:00Z
237513a5-37b5-4f4b-b3ac-510160602349,TV-200002,picked_up,2026-07-06T00:15:00Z
45aebab2-612b-408e-8cbb-35b45a6a5d38,TV-200158,delivered,2026-07-06T01:04:00Z
748abbe8-7428-47d6-a1b9-9686d410b453,TV-200157,delivered,2026-07-06T17:45:00Z
b24a8332-9247-4832-86aa-f05c958dbd39,TV-200099,created,2026-07-03T03:08:00Z
2d410377-25fe-40b5-a4a7-f32281833e95,TV-200051,delivered,2026-07-02T20:59:00Z
0a02d908-69c7-42f0-987a-fff3d70ae67c,TV-200264,created,2026-07-04T11:42:00Z
64c9e4c3-731c-48f8-ac64-952a59a4c1f3,TV-200046,created,2026-07-02T20:21:00Z
9a25f040-64d4-4507-9414-508b3c5b01ff,TV-200185,created,2026-07-01T23:28:00Z
09c6e18c-fa6e-43ce-86ef-c5bb62ff3fb9,TV-200076,created,2026-07-04T00:03:00Z
2b94f745-8c57-4f19-8822-1e7fd340f65a,TV-200294,created,2026-07-02T00:38:00Z
aa48a08a-a67a-4a4f-8071-9240d108d80d,TV-200283,in_transit,2026-07-06T13:04:00Z
284d991c-d4bb-48d5-aa10-c248bf4b4f88,TV-200292,created,2026-07-05T18:15:00Z
9533060d-07a0-4d15-8594-3567395a2810,TV-200001,delivered,2026-07-02T13:36:00Z
28b558e1-31cd-4f92-888a-72a91a89ca0b,TV-200265,created,2026-07-05T04:34:00Z
f63ce217-1755-4237-bc10-91a811178bb1,TV-200263,picked_up,2026-07-02T12:14:00Z
3e5c4b1c-b1f7-458d-9ecc-da747d3d8fe5,TV-200162,in_transit,2026-07-02T12:12:00Z
14fe746b-9b7c-4fa5-b755-12e58dd4d6a2,TV-200025,created,2026-07-01T13:15:00Z
f84a46dd-53f7-4a54-b094-efe2a5315ea5,TV-200032,delivered,2026-07-07T07:52:00Z
0ca00293-df74-44a7-b43a-7ee33b50c4b6,TV-200017,picked_up,2026-07-03T04:30:00Z
0c0c7dad-5e56-4deb-870c-84a8b9b581db,TV-200113,created,2026-07-01T14:20:00Z
9358a850-281e-40fa-9da5-3b33f8070bbe,TV-200279,delivered,2026-07-04T07:05:00Z
5dd9dab2-2485-468c-9637-6e9f06652592,TV-200015,in_transit,2026-07-05T19:08:00Z
29f33c43-bfbf-4296-88fa-33a850f00614,TV-200055,in_transit,2026-07-04T06:11:00Z
c0523ebf-e9e8-44b3-91d3-7347e559531d,TV-200087,picked_up,2026-07-03T06:37:00Z
659675ad-3cb4-4c8d-8cb5-d99f51fe3728,TV-200073,created,2026-07-06T08:03:00Z
82057ee3-6380-43b5-8938-ac21c521a57f,TV-200069,picked_up,2026-07-02T14:17:00Z
a28236dc-a66b-488a-94ca-bbf762018386,TV-200285,created,2026-07-05T20:25:00Z
6a44271c-05f5-400a-820a-5ce371937772,TV-200104,picked_up,2026-07-06T05:20:00Z
cb12b490-0f21-4a75-bde3-324f14ab1073,TV-200105,delivered,2026-07-06T18:59:00Z
bf430ede-1334-425e-a84d-d1b9b61d8e14,TV-200218,picked_up,2026-07-02T23:43:00Z
02d4d3d6-6ccf-406c-b98e-a00799613052,TV-200181,picked_up,2026-07-04T11:03:00Z
e731d42f-1dad-4438-a461-ff2a2e7ceaa7,TV-200252,picked_up,2026-07-06T00:07:00Z
85183d2c-8009-432a-a44b-879cd2e5d8b4,TV-200291,picked_up,2026-07-05T14:44:00Z
c3ba5c4a-847e-417e-8bc9-b2157acb0638,TV-200301,created,2026-07-02T21:54:00Z
4f51d20d-d82b-4ecf-ba72-06e78d495859,TV-200176,in_transit,2026-07-06T21:32:00Z
3b8df5c5-6f94-475b-b42d-98352068fc70,TV-200255,failed,2026-07-02T10:44:00Z
5f2f5a4b-b291-4ba7-8027-0db07f36d908,TV-200198,in_transit,2026-07-02T23:52:00Z
7ad93ccf-4fa7-4ebc-aee5-c772c04eddc4,TV-200003,created,2026-07-01T13:59:00Z
0cf0e07c-ec39-44a4-bee2-af7eb8575955,TV-200159,delivered,2026-07-07T00:23:00Z
fe02efb8-f164-49f4-ab6a-19d0309b436e,TV-200120,created,2026-07-05T08:58:00Z
f8078d13-b4a9-4629-9380-d8b58c4da5a9,TV-200211,picked_up,2026-07-04T03:41:00Z
598d92ce-f1f2-4226-acac-bbc5583723d6,TV-200109,delivered,2026-07-04T09:58:00Z
4f95cec3-e192-4d98-82e4-2eca14a772a6,TV-200077,in_transit,2026-07-02T16:23:00Z
acb439a2-7ec2-4860-8476-4f426ae39daa,TV-200212,picked_up,2026-07-02T13:29:00Z
19a5bbe7-7dc0-4092-b5dc-332a1552af11,TV-200250,delivered,2026-07-06T05:16:00Z
f6395384-a13c-4062-993f-edb69f18b0bb,TV-200056,picked_up,2026-07-02T03:21:00Z
ec8ea17e-32a7-4183-832f-df63e6280179,TV-200020,picked_up,2026-07-03T01:38:00Z
dcf50496-5d74-40b8-aedc-509c89d0ea59,TV-200137,created,2026-07-02T21:32:00Z
e046e060-3a93-4885-b188-84478c7f6f79,TV-200033,delivered,2026-07-04T09:20:00Z
6f985e83-f8f4-449c-82db-03321a7d7485,TV-200047,created,2026-07-03T04:17:00Z
c1446e93-9632-49ad-91d5-afc1e7af55d1,TV-200079,picked_up,2026-07-02T15:42:00Z
5ed0727e-313f-4b51-8ca3-16f74734ccca,TV-200086,created,2026-07-05T00:38:00Z
8fa63bf0-e463-4724-949b-151d8e02e89c,TV-200157,in_transit,2026-07-06T09:24:00Z
9a49acf2-b561-4c13-a27f-872e6ddd384b,TV-200307,created,2026-07-04T12:19:00Z
f22184e2-81ab-4d66-bc6e-faba08a2eab5,TV-200180,delivered,2026-07-04T12:02:00Z
aa945fde-9196-4264-b197-1ec6aa9c8ed5,TV-200293,picked_up,2026-07-03T14:19:00Z
47cbc64c-ed94-4d14-835d-9193e1629932,TV-200182,in_transit,2026-07-05T17:47:00Z
02d4d3d6-6ccf-406c-b98e-a00799613052,TV-200181,picked_up,2026-07-04T11:03:00Z
37c0ab9f-4675-4ceb-88c3-e6e0b05798fd,TV-200077,created,2026-07-02T13:13:00Z
f561765b-c0e4-42ff-b7a5-8caa3fb2d0fb,TV-200048,delivered,2026-07-06T19:56:00Z
0f39dd09-23ba-49a1-8109-4f3a9132be27,TV-200057,picked_up,2026-07-04T22:20:00Z
6dbd96e1-3c16-4aa3-af24-84495eaa7685,TV-200019,in_transit,2026-07-05T10:36:00Z
6672b96f-a636-4e66-aa6c-b65c4f6a1df1,TV-200103,picked_up,2026-07-03T20:39:00Z
31d1fc7e-5919-4b50-86e1-dd8ec4ca2c42,TV-200261,created,2026-07-04T17:28:00Z
9165bc62-edb9-4741-a841-7babc3627a4f,TV-200205,created,2026-07-01T14:44:00Z
d2c537d5-9f84-4b2d-a248-2ff72f78d763,TV-200002,created,2026-07-05T14:37:00Z
d0962424-e39d-4c0f-8982-e146b17797c5,TV-200289,picked_up,2026-07-06T09:59:00Z
b70d80c7-ff82-469c-ac26-5d4aa84c065b,TV-200307,delivered,2026-07-05T04:43:00Z
f1870eb1-4e3d-4666-b045-2fb7ab80ee88,TV-200049,in_transit,2026-07-03T01:59:00Z
f4127ea0-676e-4a9d-a8db-d9253248ba73,TV-200147,created,2026-07-02T20:01:00Z
f20648ea-9c2a-4c1f-b6bb-45f7d8154468,TV-200125,picked_up,2026-07-03T10:34:00Z
ee85edac-811c-41cc-b953-c0baf82fc235,TV-200256,in_transit,2026-07-05T12:56:00Z
160c19e2-c14a-4eaf-969a-1e00a08cc721,TV-200233,in_transit,2026-07-02T15:55:00Z
e0a92238-5dda-44d9-b4fb-0db63493bd2f,TV-200247,picked_up,2026-07-01T21:28:00Z
36b3f78c-a0d9-407a-9318-d586a45fe6c4,TV-200208,in_transit,2026-07-03T05:21:00Z
09988eba-3f7e-498f-a4d9-d86ad941e9f3,TV-200155,created,2026-07-01T19:58:00Z
48f46f18-305a-4088-9bc0-cf508f267216,TV-200007,picked_up,2026-07-06T00:22:00Z
02afc5d2-dd86-4007-9ec2-0ffde2ec5b5b,TV-200183,in_transit,2026-07-05T16:43:00Z
b764d6eb-1008-4dba-96ec-1bb05ff48eb1,TV-200031,picked_up,2026-07-02T19:39:00Z
81b0b440-a1b6-4bd1-bd2c-a06079dfe6a5,TV-200189,in_transit,2026-07-07T02:59:00Z
290ed884-e2ae-4d74-8cd7-833ed8b1e801,TV-200190,created,2026-07-04T03:37:00Z
bb11d31f-d857-45d4-a025-1cff765edb14,TV-200071,picked_up,2026-07-02T21:50:00Z
9e2c9e5f-fda0-43c8-aa95-30ff55a20486,TV-200286,created,2026-07-05T08:43:00Z
971f7487-5c64-4751-91ec-6a5db5692399,TV-200154,delivered,2026-07-04T23:04:00Z
4e9bc86a-b525-4e82-ac0d-8bdbe35ce9df,TV-200205,picked_up,2026-07-02T00:13:00Z
5928dcec-2c8b-4167-ab87-2d964a489e62,TV-200190,picked_up,2026-07-04T11:47:00Z
1a0644b7-d04b-4338-8e34-0c928706ed30,TV-200143,delivered,2026-07-03T20:02:00Z
0beed9c3-ae5d-4695-badc-d00dab4b7040,TV-200280,delivered,2026-07-06T03:13:00Z
a0b3357f-4388-4af6-aa14-d7b00484002a,TV-200123,delivered,2026-07-06T08:06:00Z
0a8c2af4-bfc5-433c-94db-71437ec952fc,TV-200234,created,2026-07-02T13:15:00Z
d56b010d-ce29-4783-9fce-388c25740aac,TV-200039,failed,2026-07-06T15:01:00Z
4c76f98b-df46-4745-bc68-36d246b7327b,TV-200096,delivered,2026-07-04T21:05:00Z
dea8e1f2-72a6-43fc-be50-542ec56d4f60,TV-200162,picked_up,2026-07-02T06:21:00Z
7fb4100a-acd1-4c08-82e5-a444c51283ab,TV-200016,created,2026-07-02T16:08:00Z
ca630d86-3ae9-4b2b-b186-bcee843a1eff,TV-200231,picked_up,2026-07-06T18:10:00Z
5b47a13a-179f-42d5-b78f-158e9f8a8de8,TV-200253,picked_up,2026-07-02T01:32:00Z
82ea647e-4c89-4908-af0a-2563dac338c6,TV-200010,delivered,2026-07-05T09:09:00Z
63962c6c-db91-460c-ae32-dbb21db24884,TV-200046,in_transit,2026-07-03T00:49:00Z
40764722-d5b4-4356-a047-3fdeafd3f252,TV-200309,created,2026-07-03T11:30:00Z
7121b0fb-f9b5-4ea7-ad41-024aa1dc0e1d,TV-200054,delivered,2026-07-03T21:52:00Z
b861d2c3-2ddd-4901-bb66-ea32c4579dd7,TV-200208,delivered,2026-07-03T12:39:00Z
80decab9-a190-4d74-a088-2fb9d6c6132c,TV-200226,created,2026-07-02T00:48:00Z
4845669c-208f-4f24-9962-722bdf7f24fc,TV-200126,delivered,2026-07-05T17:46:00Z
d54eaf23-7832-49a4-bd72-240bd8e46a8a,TV-200248,picked_up,2026-07-05T10:09:00Z
60730d7a-7af2-44bf-bedb-1164b4698a60,TV-200110,picked_up,2026-07-03T21:36:00Z
b5671592-7fc0-4c5b-8ad8-fd1adfb99e17,TV-200080,in_transit,2026-07-06T17:50:00Z
6a48baad-4e74-484d-97b5-41f24f4b9190,TV-200080,picked_up,2026-07-06T11:18:00Z
d7726723-6ddd-4bb5-be0e-cdd0a719357d,TV-200148,created,2026-07-04T05:51:00Z
dd2f0216-e781-4553-a725-1d83a5e3ce9d,TV-200241,picked_up,2026-07-05T06:22:00Z
1ec244ae-e9d7-4aee-9350-3e29ac110003,TV-200227,picked_up,2026-07-04T12:25:00Z
ef8d2809-95f7-4893-879b-60639254f6e0,TV-200110,in_transit,2026-07-04T05:41:00Z
cb425ead-b3b1-4ab7-8b47-03a633ba8f2c,TV-200199,in_transit,2026-07-01T23:32:00Z
b74cf293-cb8a-47bf-966a-a85d71575875,TV-200174,in_transit,2026-07-06T21:50:00Z
92095458-141d-4545-a9ba-c5cea74f31b4,TV-200240,picked_up,2026-07-02T08:57:00Z
2dc8ed78-ab84-4201-9ab7-f2ac27a8ba0a,TV-200179,created,2026-07-04T22:33:00Z
347a610f-6fd2-4e12-a420-d370e4c102e1,TV-200258,in_transit,2026-07-02T10:25:00Z
99eac45f-b2c5-41b3-938e-5cc437e839ec,TV-200161,picked_up,2026-07-04T16:03:00Z
f8bf719c-466c-41ee-a6c0-c8f5b111b027,TV-200001,in_transit,2026-07-02T09:28:00Z
7d0cf3c6-4550-4c88-9034-207786e5c4ad,TV-200172,created,2026-07-04T08:02:00Z
53d40f64-824d-4780-b9cb-7bf4b836daa0,TV-200213,picked_up,2026-07-03T22:31:00Z
a5f4eb62-3342-4567-8b9a-e3159d4d3fdd,TV-200158,in_transit,2026-07-05T17:18:00Z
4b8e4be8-39f3-4aef-b1b9-a0f19f4f5ec0,TV-200112,created,2026-07-04T10:51:00Z
7b947140-11e8-4110-99bc-2be03beb5a0e,TV-200139,delivered,2026-07-02T17:44:00Z
aaeda357-09d8-4ffa-93cd-de87e7ac1198,TV-200035,created,2026-07-04T15:52:00Z
973b76a8-2753-46cf-947c-bec3dd6dc071,TV-200019,picked_up,2026-07-05T02:58:00Z
8052e19c-b769-4f01-a86a-e7bababfa319,TV-200079,created,2026-07-02T14:37:00Z
c215c493-71d0-4e63-b9d7-133ecca390ba,TV-200076,delivered,2026-07-04T09:08:00Z
fa855b75-570a-4c78-bb7b-51afed2ea01f,TV-200221,picked_up,2026-07-03T08:06:00Z
e2f81108-8e29-4a47-9fae-c9b21749f88c,TV-200277,picked_up,2026-07-02T04:09:00Z
32c1e6e1-9015-4300-a616-ade39875fdcf,TV-200080,delivered,2026-07-07T01:31:00Z
ef9b6819-f62d-4fb7-81de-bb9d1b3635d2,TV-200037,picked_up,2026-07-02T07:09:00Z
3176255e-1157-4695-8209-a149c8a11c19,TV-200206,in_transit,2026-07-06T08:33:00Z
55d3ab01-46ab-4387-acf4-2d8112a7248d,TV-200091,delivered,2026-07-03T13:49:00Z
6cf95847-0d8f-4acd-9185-1a0ffa6de986,TV-200091,in_transit,2026-07-03T09:20:00Z
c9fd5803-9eb1-4b4a-9146-5b543327ee32,TV-200069,created,2026-07-02T04:24:00Z
fcbbb014-9896-4f42-a76d-8052ec6d1ee1,TV-200291,created,2026-07-05T08:04:00Z
3b626c70-e924-49b1-ae76-75c64d83e349,TV-200274,created,2026-07-04T10:24:00Z
a840f1db-e1e6-476f-b347-50f5263c3756,TV-200087,created,2026-07-02T22:13:00Z
aebf4945-155c-43d7-b4dd-4506d9591fae,TV-200149,created,2026-07-03T06:40:00Z
730b79ab-9476-40fa-9615-d01978489efd,TV-200262,created,2026-07-03T10:47:00Z
51c84d6e-e15a-4a3b-8a24-48878c08b74f,TV-200272,picked_up,2026-07-06T06:40:00Z
49c9c34b-8a05-4e85-8c03-82e865ad6229,TV-200300,created,2026-07-04T20:15:00Z
71457ea7-5777-4e1f-8801-4fdab859c5b6,TV-200241,in_transit,2026-07-05T11:15:00Z
4dd1a828-45e6-4100-8787-4a6eeaee1e70,TV-200242,created,2026-07-03T02:54:00Z
1547c10e-2aa5-4b90-bac4-274787724958,TV-200050,created,2026-07-01T23:18:00Z
bac5f600-5361-453c-bf40-b0b030bc8c01,TV-200237,in_transit,2026-07-03T22:15:00Z
d86b66bd-3866-443e-afa0-0c60c0183cd1,TV-200133,in_transit,2026-07-04T16:06:00Z
32d0ce70-b97c-4290-aeaa-9f3f15099e95,TV-200127,created,2026-07-02T17:28:00Z
83754be3-d0e4-4ee5-ba86-aac9f30b150f,TV-200280,created,2026-07-05T11:05:00Z
47a46c89-d139-42de-b106-07258c282941,TV-200097,created,2026-07-06T07:43:00Z
0279ef86-7e4c-45be-96d5-fcd2395ad7da,TV-200092,picked_up,2026-07-05T04:08:00Z
0b0be594-ed89-4aad-8f3a-095aedfa61a3,TV-200116,delivered,2026-07-05T08:06:00Z
5dfc9d54-df94-49b2-abc0-5238c0a9daae,TV-200255,picked_up,2026-07-02T01:59:00Z
016ef286-9e85-4aec-9b7b-c2b33d551d1c,TV-200271,created,2026-07-04T09:49:00Z
0d20de5f-3ab5-49ab-a154-2a2d3779812d,TV-200163,picked_up,2026-07-06T15:32:00Z
0a3b0802-404b-42a8-a4e0-e2bf50332ff8,TV-200186,picked_up,2026-07-01T21:25:00Z
74881bd3-166c-477d-857f-f60ef8e7c453,TV-200248,created,2026-07-05T02:45:00Z
fe26c462-4d3f-46af-a213-6d710d0b944e,TV-200243,picked_up,2026-07-06T19:30:00Z
a6f15632-9166-43f9-80b7-6bb5a4ceec82,TV-200262,picked_up,2026-07-03T15:08:00Z
c40cf414-aec0-4295-9192-c31b1938fcd7,TV-200102,picked_up,2026-07-05T01:47:00Z
c8f5866a-8af7-4305-8300-ba22372e21fe,TV-200298,created,2026-07-06T09:40:00Z
e8b9aca6-b47b-418a-a404-345ccfa6524e,TV-200083,in_transit,2026-07-04T02:53:00Z
167e0b4c-e731-47bf-94e8-eff30f5bff24,TV-200066,created,2026-07-01T21:08:00Z
222463f0-d590-4a94-b74d-a67fb496697a,TV-200286,in_transit,2026-07-05T21:48:00Z
0fa0a460-239e-424a-a919-2f02ebc1f017,TV-200249,in_transit,2026-07-02T15:38:00Z
d8f5dc31-8066-4b97-904c-22929db6269a,TV-200118,created,2026-07-04T21:18:00Z
47cbc64c-ed94-4d14-835d-9193e1629932,TV-200182,in_transit,2026-07-05T17:47:00Z
b25fdc07-f2f9-408e-a33d-8206b48fa457,TV-200115,created,2026-07-02T22:01:00Z
3e52bd46-a03b-4ef8-9e47-b0b763e3deb1,TV-200200,picked_up,2026-07-06T00:47:00Z
8f306f4b-b942-4e4e-9b77-983c2673ea8f,TV-200154,in_transit,2026-07-04T14:19:00Z
f6076542-21e0-4f70-b5b1-4d094f106395,TV-200059,in_transit,2026-07-05T23:21:00Z
cb098eea-72b4-4765-a9e5-a955bcb3eb31,TV-200304,created,2026-07-03T18:57:00Z
ba528248-14b9-4c8a-9736-9d3249018495,TV-200126,picked_up,2026-07-05T08:11:00Z
a3432459-bc37-497b-8f2d-8ec9868b6980,TV-200273,picked_up,2026-07-02T01:41:00Z
2fd7581c-b611-4b72-bdc6-72c8cc779b32,TV-200160,created,2026-07-03T11:18:00Z
bdb52236-1019-48ed-8672-9ead17064969,TV-200110,created,2026-07-03T17:40:00Z
80e39bc4-9a6f-4d63-b98d-7a262dec4c94,TV-200071,created,2026-07-02T14:29:00Z
99e55c19-03bb-4d6f-873d-0bc8cd075200,TV-200212,created,2026-07-02T06:12:00Z
a983ad98-4702-4eb1-9868-961f41e37f2f,TV-200047,in_transit,2026-07-03T17:02:00Z
7a88e542-a350-49e5-9037-09d71c0c27b4,TV-200022,picked_up,2026-07-04T05:46:00Z
aca94ef8-155b-4faa-b72d-ee7db6bdf842,TV-200158,picked_up,2026-07-05T13:53:00Z
15d5cc82-cae5-4e03-9cbf-32bc913309f6,TV-200168,created,2026-07-04T18:41:00Z
7c085d24-dd2e-41b5-a8cc-1d62de6b64b0,TV-200273,created,2026-07-01T17:53:00Z
b05eb6e1-3b04-4d66-8237-ea7e87442877,TV-200282,in_transit,2026-07-02T20:01:00Z
7714be28-4c05-4db7-8598-3518d5050b61,TV-200139,in_transit,2026-07-02T12:33:00Z
36641f3c-a205-4483-b323-3963abc61300,TV-200052,created,2026-07-04T18:43:00Z
d56b6139-daeb-4165-86a7-da468086206b,TV-200230,in_transit,2026-07-04T16:34:00Z
4d0d9408-dad0-438f-b2c4-58d159dba9df,TV-200298,in_transit,2026-07-06T20:42:00Z
efb1a6d3-df73-42ce-809b-e89a8839f216,TV-200148,in_transit,2026-07-04T12:02:00Z
e7068920-55e8-47f4-b4ff-cdbc08655840,TV-200007,failed,2026-07-06T01:31:00Z
53c98084-543b-44a1-9d4a-a5cd7a60f681,TV-200065,in_transit,2026-07-03T07:16:00Z
4e017ff1-506e-4383-ab0f-5ca6a820706d,TV-200198,created,2026-07-02T20:53:00Z
73c271b6-3dbc-4171-8c28-b7510df1bd98,TV-200011,picked_up,2026-07-02T22:03:00Z
61de91b5-0cfa-492f-8647-6da501501954,TV-200082,created,2026-07-05T15:43:00Z
f3c6800f-4f40-4d5f-9e9d-48932e9826e4,TV-200051,created,2026-07-02T06:47:00Z
acf261db-6074-40d3-873c-7b230a6cb446,TV-200127,picked_up,2026-07-02T21:25:00Z
dcd62c90-1445-46d5-8226-d9699a6a51ee,TV-200175,in_transit,2026-07-04T07:30:00Z
8a111b18-9e79-4933-ac38-60659a1a8c6f,TV-200058,in_transit,2026-07-02T09:42:00Z
d9f1bbcc-7ffe-4d43-9d89-c7f0f0639d4c,TV-200160,in_transit,2026-07-03T16:29:00Z
7483708f-33a6-4168-8c4d-f8f5e73bf14d,TV-200305,picked_up,2026-07-05T13:45:00Z
7d2841a7-1257-4fde-a914-ec7d24f9e467,TV-200077,picked_up,2026-07-02T14:12:00Z
0b2cc002-a3cb-4495-abdd-31ff60ea2b5a,TV-200285,in_transit,2026-07-06T05:17:00Z
0436bedc-d0fd-43b5-8f56-31110a1f6166,TV-200195,created,2026-07-03T14:22:00Z
a9b145b4-064e-43ee-8efa-54cb5aec6583,TV-200249,delivered,2026-07-02T20:48:00Z
6c05dacb-8098-4043-81e5-275ccf80d552,TV-200275,failed,2026-07-04T06:17:00Z
05737aff-d349-4c3e-aa47-8ade94417b60,TV-200010,created,2026-07-05T02:56:00Z
6adb3620-10ce-4dd4-ab3a-39060c0869fb,TV-200226,picked_up,2026-07-02T07:59:00Z
1035cebe-21a0-4d6e-99c2-74b8caaf7f9c,TV-200222,created,2026-07-05T20:47:00Z
f4df1b51-f74f-47b5-b193-dbcd28edc356,TV-200248,in_transit,2026-07-05T15:08:00Z
661f623b-8f62-4d87-9192-6e9f925cea06,TV-200037,in_transit,2026-07-02T12:14:00Z
9b5eea64-e105-4002-b188-bd6bc674036c,TV-200112,picked_up,2026-07-04T17:09:00Z
2ebbd3ae-7e76-4f1d-83e1-4557380ebab0,TV-200277,created,2026-07-01T21:51:00Z
cfd4d0fe-9a57-467b-bd07-29dfa6995aab,TV-200007,created,2026-07-05T22:18:00Z
0d8c8fb9-f99a-46f0-8e5c-667510e006e2,TV-200159,picked_up,2026-07-06T09:46:00Z
e5532126-d870-4a25-a510-42b76da21848,TV-200201,delivered,2026-07-07T13:28:00Z
f3e9b360-66fa-497f-b384-cc2154c24079,TV-200188,delivered,2026-07-06T07:49:00Z
aea9c108-c50a-4914-a819-d01dd4da8b9f,TV-200163,in_transit,2026-07-07T01:07:00Z
5aff4006-67c8-4957-9cec-57f7ae5d79ab,TV-200178,in_transit,2026-07-06T08:50:00Z
9b8b2f12-264b-4381-adb9-f5ec4074ad63,TV-200208,created,2026-07-02T15:37:00Z
687736f4-2ad7-4cdd-ad00-a1142371243c,TV-200170,in_transit,2026-07-03T21:15:00Z
e680b014-5271-4831-9e9b-242537a9e93c,TV-200113,in_transit,2026-07-01T22:37:00Z
9dd4a476-a96d-47ed-bb02-417c3fb0f54d,TV-200199,picked_up,2026-07-01T21:40:00Z
b4a97fa9-1644-404e-a9e4-078927901524,TV-200102,in_transit,2026-07-05T03:10:00Z
b7531294-1e37-495d-a8c8-ae95ce97e58d,TV-200224,picked_up,2026-07-04T10:43:00Z
84659a03-bcd2-47dc-ac5e-db6f95f0d2e1,TV-200055,picked_up,2026-07-03T22:03:00Z
b5e09022-c683-4be6-881c-fe02a2bf417b,TV-200235,picked_up,2026-07-04T03:36:00Z
3fdce3e4-b1d3-45dc-a5bd-a815bcc38b8e,TV-200229,delivered,2026-07-05T23:41:00Z
9e4d3b85-d880-44b0-9aca-1db8bd1c03bb,TV-200048,picked_up,2026-07-06T13:24:00Z
8e8f1148-b13b-4cca-8825-cc42607b99bb,TV-200228,created,2026-07-04T21:54:00Z
2741864e-4083-41e0-b2f4-29bea6a6dbb7,TV-200203,in_transit,2026-07-06T10:01:00Z
7a74217f-b9e1-497c-adca-7d9448933c46,TV-200051,picked_up,2026-07-02T15:47:00Z
e3049a15-3d4d-4674-8c9f-3c1b95d86cad,TV-200153,delivered,2026-07-03T23:30:00Z
d6088126-39fd-4c6a-bbc0-2817d47123bf,TV-200261,picked_up,2026-07-04T21:06:00Z
0b9fe84e-b6c9-42c0-b261-8cbf6d2e0557,TV-200159,created,2026-07-06T07:53:00Z
728b6753-9d47-478e-8e8e-a69592aeae28,TV-200112,delivered,2026-07-04T22:48:00Z
c0b52f28-79de-4e77-8796-725c981452de,TV-200300,picked_up,2026-07-05T03:48:00Z
3002b18a-ba23-4e9c-ac2c-390d88a1206a,TV-200013,picked_up,2026-07-05T09:56:00Z
c2e7aae5-9e2c-4d79-8b08-46ef43d9ac52,TV-200216,in_transit,2026-07-05T07:11:00Z
e50c587b-a434-41d4-849b-37e7f19561fa,TV-200014,picked_up,2026-07-04T16:32:00Z
db39d2c9-024b-4e0e-a240-4cdfc1888479,TV-200167,delivered,2026-07-05T17:56:00Z
e2b73b3d-44db-475c-a826-432e340cb6b0,TV-200136,created,2026-07-03T07:02:00Z
84a43bf5-4f39-4d4f-ae67-a28587be52e6,TV-200171,created,2026-07-03T01:23:00Z
53c98084-543b-44a1-9d4a-a5cd7a60f681,TV-200065,in_transit,2026-07-03T07:16:00Z
6bc31675-4399-4f65-975f-d5edb9475e2f,TV-200068,created,2026-07-03T10:47:00Z
888055d3-ff42-4e0a-a423-b4f35a3a9905,TV-200238,in_transit,2026-07-02T14:02:00Z
4de37b56-df27-4b12-b596-757071d86fc5,TV-200216,delivered,2026-07-05T11:40:00Z
3bd286d0-1409-4496-9f0e-f15bd90671f4,TV-200187,picked_up,2026-07-04T02:07:00Z
c2da8929-2509-4c54-8f9c-fa483083eed7,TV-200251,created,2026-07-03T15:13:00Z
d07cd993-c32d-47e5-bc2a-665e823559fa,TV-200125,created,2026-07-03T06:05:00Z
82cff16a-04ff-4955-963e-3c3ba1931d2d,TV-200133,picked_up,2026-07-04T09:46:00Z
1067f71a-87a7-4a34-afe4-97621d98c648,TV-200233,created,2026-07-02T02:38:00Z
c8f6cba4-1bad-418e-9c77-86f09a81f407,TV-200230,picked_up,2026-07-04T14:33:00Z
df64e24e-81ea-404a-abbb-ab0793d56a8f,TV-200040,in_transit,2026-07-04T10:42:00Z
c72dcb13-32a5-45c0-bae2-53b67d28b9f6,TV-200205,in_transit,2026-07-02T02:39:00Z
0597907a-7f69-4dc4-bf00-22c781d37a9c,TV-200209,created,2026-07-02T04:11:00Z
d872c1a9-f19c-4364-853c-36e34c37fb97,TV-200095,created,2026-07-04T23:01:00Z
2b6f4c31-1b36-4a1e-9155-0fc4a8115814,TV-200283,delivered,2026-07-06T19:08:00Z
2c576f02-9c79-4318-9334-fe59d169dc8b,TV-200151,picked_up,2026-07-05T08:09:00Z
e6b4ec74-7170-45a7-99b3-d1f107e07f8b,TV-200169,picked_up,2026-07-04T04:17:00Z
07031e6f-97d8-4ae2-ad92-314737104199,TV-200148,picked_up,2026-07-04T11:09:00Z
18a3ac28-6ab8-4f61-9ea5-08c9dae8d183,TV-200092,created,2026-07-05T01:59:00Z
35710e5f-e00e-4e6f-8e42-b7695a23c2b5,TV-200097,picked_up,2026-07-06T16:56:00Z
7695540d-2afa-49d3-a77e-5294f4a2fbb5,TV-200185,picked_up,2026-07-02T07:22:00Z
609b3076-ddab-4f58-bdc6-da4550645f48,TV-200121,picked_up,2026-07-06T20:10:00Z
a1437c30-77d6-4854-a4c1-02ef738d3427,TV-200067,created,2026-07-04T14:17:00Z
41f436ca-ea3a-4ed9-a8c7-54b6858440fb,TV-200282,created,2026-07-02T14:23:00Z
5d91d175-a281-485e-9288-b019dfcbf4b0,TV-200191,created,2026-07-06T06:07:00Z
ca17bab0-5dac-457c-9c02-b58a84b82894,TV-200019,created,2026-07-04T22:09:00Z
4a7ff687-5f98-410a-9ba7-618159106c1b,TV-200135,in_transit,2026-07-02T16:52:00Z
aab98bd0-f7a7-4fe2-af9c-dfb1613d7513,TV-200250,in_transit,2026-07-06T04:10:00Z
159735a3-ca24-47b3-b8a0-695dbbd6f4dd,TV-200298,picked_up,2026-07-06T12:22:00Z
7d1d8446-a9ef-46a8-acd9-771e14e7e0eb,TV-200136,picked_up,2026-07-03T12:11:00Z
cacfeafe-a1a9-406a-8f3f-c2aafa555968,TV-200122,in_transit,2026-07-05T17:37:00Z
a61e0937-700f-407b-b472-41cb6df843ab,TV-200089,picked_up,2026-07-06T04:40:00Z
ad220009-b7b5-413e-801f-c9b8e5d2d52d,TV-200046,picked_up,2026-07-02T21:41:00Z
3f40a27f-e993-471d-9c01-d033e042edba,TV-200145,in_transit,2026-07-03T15:07:00Z
28ce3a1b-2fa0-433b-a06e-0bf403b3f6cd,TV-200037,created,2026-07-02T02:46:00Z
97fb3125-3378-45f0-b472-d2f87415abdb,TV-200003,picked_up,2026-07-01T18:02:00Z
7662ac23-7957-47a9-8a14-48d479d475f8,TV-200179,in_transit,2026-07-05T08:25:00Z
7f69d044-a3d3-4488-8b9e-39c734493c67,TV-200290,created,2026-07-06T03:15:00Z
c544964a-2540-4cff-88af-f7cba1996a48,TV-200158,created,2026-07-05T08:49:00Z
de3900dc-1060-4e65-b749-3a32f2a4df24,TV-200218,in_transit,2026-07-03T02:34:00Z
9f750bf0-2aba-462b-b788-beb59f65a350,TV-200200,in_transit,2026-07-06T04:32:00Z
472b667e-1c77-4ba1-b78a-94bdc83a743d,TV-200165,in_transit,2026-07-05T10:15:00Z
6e4f9614-a68c-46fa-993a-ed6c2a146c44,TV-200095,in_transit,2026-07-05T15:50:00Z
1bf37090-e49e-4d72-9430-2eae7c583b6c,TV-200100,created,2026-07-02T05:47:00Z
d0355674-9c8d-47a0-ad84-6769975f29a4,TV-200018,created,2026-07-03T22:10:00Z
95cb3984-1824-4203-924b-b2731dfa3258,TV-200062,in_transit,2026-07-03T03:34:00Z
d6e48d8e-e491-4012-916b-8af8d618e5ad,TV-200196,picked_up,2026-07-01T20:15:00Z
dacd696e-ba5c-4d3b-afa9-cc55895b22b0,TV-200073,in_transit,2026-07-06T20:31:00Z
d933920f-f1fa-4079-b4b4-5ff6c444af5e,TV-200081,created,2026-07-05T08:39:00Z
f0887ac4-8a8f-42a9-b554-923052e0c347,TV-200154,created,2026-07-03T19:55:00Z
bbcb69d5-5f43-47f3-876d-bb3e28897c42,TV-200170,created,2026-07-03T08:51:00Z
b8356c5e-5532-4f71-b55f-e83d105be30b,TV-200133,created,2026-07-04T03:48:00Z
76fb7b22-e637-4aed-bb12-6a58bade7477,TV-200032,picked_up,2026-07-06T18:35:00Z
30d2b273-c393-4a6f-a6a3-ba9fbe7a025c,TV-200009,created,2026-07-02T07:49:00Z
c29e8a6c-f5c6-4c0e-ad13-cea3c6451f9c,TV-200247,in_transit,2026-07-02T05:21:00Z
7b50f16c-fd85-4f25-8637-b8d0c070470f,TV-200105,picked_up,2026-07-06T09:56:00Z
8d82bc10-a50b-41cf-ace3-506062febd09,TV-200308,picked_up,2026-07-04T00:10:00Z
49bf93d4-b75d-4c63-9af3-fb69a3a49262,TV-200276,delivered,2026-07-06T00:13:00Z
4ad3e376-06b6-4818-9283-214cf2334369,TV-200236,in_transit,2026-07-02T17:58:00Z
af4c9616-47bc-49fe-a404-b93d6e27f1dc,TV-200167,picked_up,2026-07-05T02:34:00Z
0197226b-ecb5-42c0-aa0f-c7b59ece7c8d,TV-200230,created,2026-07-04T06:53:00Z
20436d60-ebc2-45ed-9935-fc041b1b1982,TV-200065,picked_up,2026-07-02T23:39:00Z
fcf3321d-1eb0-4743-82d3-922aec861c93,TV-200238,picked_up,2026-07-02T11:04:00Z
6eee2492-2e01-4d6a-97b1-8268acaff5d5,TV-200194,picked_up,2026-07-03T23:14:00Z
b13eedcd-d5b8-4f5c-ba75-7594b8fae515,TV-200172,delivered,2026-07-04T21:59:00Z
786d936e-0f1a-45dd-845d-95524faef953,TV-200310,created,2026-07-05T21:18:00Z
e256b5d0-81b6-4d5a-864b-42ac77baef45,TV-200084,picked_up,2026-07-05T12:53:00Z
a7041626-3a4d-4aed-a59d-ae512e9ff2dc,TV-200141,picked_up,2026-07-06T16:24:00Z
e9c8b3a3-c32f-4621-b358-78e36de5ccf9,TV-200207,created,2026-07-03T00:17:00Z
2017cb2f-2889-4efb-8de8-893482ec8e20,TV-200128,in_transit,2026-07-03T13:31:00Z
5331e165-98fd-4789-8161-41f25d985712,TV-200283,picked_up,2026-07-06T12:06:00Z
81f3e1ab-0249-41a7-a05a-c99632f84ad3,TV-200018,in_transit,2026-07-04T05:47:00Z
8d90f7b1-0beb-4ff8-9037-72458e2e62aa,TV-200034,created,2026-07-02T05:04:00Z
cb9bc6d7-3121-485c-ba3e-22d9fb5064ea,TV-200048,in_transit,2026-07-06T16:22:00Z
5b03832e-c00a-46c6-ac31-5c1cc71b5471,TV-200084,created,2026-07-05T09:35:00Z
7b0ea55d-6721-4166-8687-533f0e4865ba,TV-200270,picked_up,2026-07-04T20:42:00Z
195477ff-5b57-4a56-a40c-4d6a8b2af757,TV-200219,created,2026-07-06T08:00:00Z
be461dcd-18f8-41b2-8cfd-47d3cecc7c0f,TV-200288,in_transit,2026-07-06T20:06:00Z
8c99af52-6dad-4011-94d2-9833e0ea9301,TV-200270,created,2026-07-04T12:42:00Z
aad08563-4a8d-43ee-b26e-1c38b37f6297,TV-200081,picked_up,2026-07-05T14:20:00Z
13c7199a-f66c-485d-b8e5-871547b76f49,TV-200238,created,2026-07-02T07:07:00Z
e4e409d0-689a-4475-971b-6701cfbc7b72,TV-200036,in_transit,2026-07-05T05:12:00Z
f7b15339-ade4-4f94-a023-648969ca17ee,TV-200294,picked_up,2026-07-02T08:39:00Z
b13eedcd-d5b8-4f5c-ba75-7594b8fae515,TV-200172,delivered,2026-07-04T21:59:00Z
1f76edc4-7abf-4478-8a24-d8e8e8b9b76d,TV-200302,in_transit,2026-07-06T08:08:00Z
5753fe2b-1d4a-4c7c-8fe3-73ea0832bba3,TV-200044,failed,2026-07-04T13:09:00Z
006996fb-05af-4b7b-aba3-7edf4e607a5a,TV-200135,created,2026-07-02T09:47:00Z
df3762cd-2251-4a47-88ea-ebf482c748cc,TV-200115,delivered,2026-07-03T12:31:00Z
f78e6b14-0f5c-4c02-bef4-78cba232c7cf,TV-200108,in_transit,2026-07-02T05:27:00Z
4193a4d4-ae62-4164-ae7f-e4353b56436a,TV-200106,in_transit,2026-07-04T16:09:00Z
b20373e4-28e7-490c-85ec-2127b424c87b,TV-200049,picked_up,2026-07-03T00:37:00Z
455a1ba9-115c-47c7-82b0-372edf2809ac,TV-200204,created,2026-07-06T12:32:00Z
bf597d3c-23fc-4eae-a9e9-beab258e0931,TV-200114,in_transit,2026-07-02T20:05:00Z
499ee137-3733-47d2-a38f-94b1f5b0570c,TV-200069,in_transit,2026-07-02T21:33:00Z
8b8e07ed-7baf-4d3e-83ea-11499f25958c,TV-200156,created,2026-07-02T00:42:00Z
66392d09-e495-4e87-80b8-97eda75e6a24,TV-200161,delivered,2026-07-05T02:43:00Z
b6787334-12fd-4258-9891-9ce4e0af5c51,TV-200140,picked_up,2026-07-04T15:20:00Z
07031e6f-97d8-4ae2-ad92-314737104199,TV-200148,picked_up,2026-07-04T11:09:00Z
34a21703-e02b-4ff3-862c-79639d1ce6f6,TV-200282,failed,2026-07-02T21:12:00Z
4697ff8e-2c0f-4f19-b224-1f6d4278ec1d,TV-200021,picked_up,2026-07-02T15:27:00Z
b4587e0e-441d-4ccc-9a9a-9c88834f3901,TV-200232,created,2026-07-03T22:36:00Z
c33390f6-eacf-4122-a9be-ff1f7255d19d,TV-200026,created,2026-07-06T12:16:00Z
883df30c-0618-48c7-83a3-dc8419cc2d66,TV-200153,created,2026-07-03T07:13:00Z
f22fc517-aa95-4d26-8913-a7b16bb229c1,TV-200102,created,2026-07-04T18:22:00Z
6c05dacb-8098-4043-81e5-275ccf80d552,TV-200275,failed,2026-07-04T06:17:00Z
c8f6cba4-1bad-418e-9c77-86f09a81f407,TV-200230,picked_up,2026-07-04T14:33:00Z
da42a3f5-b37f-4459-a1b3-5efefe8109d2,TV-200083,created,2026-07-03T11:44:00Z
05cd815d-1189-48c4-85dd-a30a3601cf07,TV-200161,in_transit,2026-07-05T01:46:00Z
297cae9a-6d3b-4d61-8268-fe400117654b,TV-200103,in_transit,2026-07-04T05:07:00Z
031d22ed-ca92-460e-815e-12622935a6ff,TV-200270,delivered,2026-07-05T06:03:00Z
1a68f6b8-e65f-46c4-bdcd-ef8576e6a85f,TV-200098,created,2026-07-03T05:19:00Z
e8bda35e-5f3f-4fee-b2dc-97cca7163ed2,TV-200086,picked_up,2026-07-05T08:54:00Z
2072f22b-b767-423c-b1aa-ade61dc15731,TV-200210,in_transit,2026-07-02T15:40:00Z
e6f60ad2-b98b-40e9-b56b-428b66db37a0,TV-200123,picked_up,2026-07-05T15:15:00Z
c5d0e63b-1b4a-4a85-8076-dd0bfd3acdd8,TV-200309,picked_up,2026-07-03T13:36:00Z
8b8e07ed-7baf-4d3e-83ea-11499f25958c,TV-200156,created,2026-07-02T00:42:00Z
f423944a-783c-47a8-9d77-d9cb30c57c48,TV-200207,in_transit,2026-07-03T10:56:00Z
b8d6a229-5fb6-4993-be14-830aaa668d10,TV-200140,in_transit,2026-07-04T18:48:00Z
9b82d979-8a02-4ace-b90c-d5465bea0adf,TV-200192,created,2026-07-02T01:57:00Z
17e8a351-f380-47c3-9660-b9a8a8d8a951,TV-200072,picked_up,2026-07-06T08:08:00Z
5463ac52-bf97-443c-b0c9-53e512039939,TV-200217,failed,2026-07-06T11:20:00Z
95e07fc2-8f97-48f4-97cb-30b68b65cde5,TV-200089,failed,2026-07-06T07:05:00Z
fe629799-e7b4-4f11-9281-c6318f0129c5,TV-200194,created,2026-07-03T21:05:00Z
2c37fb1a-744f-4e97-8bab-b9e314db1dc2,TV-200256,created,2026-07-04T22:15:00Z
927aaca1-78db-4a60-884c-65c44cedd4d1,TV-200016,picked_up,2026-07-02T21:51:00Z
25591f74-e56a-43f7-b7db-bfb6b1a95af8,TV-200029,picked_up,2026-07-06T17:57:00Z
5af0411e-6706-4662-8011-f96d8d26d6a8,TV-200010,in_transit,2026-07-05T08:03:00Z
e568a304-25e0-45a2-937b-bcba5a17cbbd,TV-200015,created,2026-07-05T09:12:00Z
ff978cec-6969-42c0-872f-a4dd1a5bf5f2,TV-200189,created,2026-07-06T13:44:00Z
cc2a3226-29f3-4844-9e79-57ea4ecf17a6,TV-200113,delivered,2026-07-01T23:17:00Z
66bb2814-f8cf-4861-9f36-3bc726e9f6db,TV-200303,in_transit,2026-07-04T23:21:00Z
5d302a6d-5eab-43a5-9f19-6ab8f07d4346,TV-200243,created,2026-07-06T09:31:00Z
766b3444-2286-49b9-9de7-753246280ae4,TV-200209,picked_up,2026-07-02T05:09:00Z
f8ed3413-de50-458e-a982-470d54fff6c7,TV-200220,created,2026-07-01T23:46:00Z
59f59467-5f96-4d7d-a4d7-2b4a6be27f3a,TV-200059,created,2026-07-05T13:32:00Z
0340504b-fdd3-4ede-a9df-419a9bb4ddf5,TV-200303,picked_up,2026-07-04T18:54:00Z
9a1e6937-c590-408d-85ff-892b30d638b6,TV-200195,in_transit,2026-07-03T20:26:00Z
609397ed-3a27-4d29-9170-ae8331540999,TV-200199,created,2026-07-01T19:06:00Z
01cbd8d6-a73c-448b-931b-0b196a9f88b2,TV-200058,created,2026-07-01T21:53:00Z
c3321050-21c9-4fd1-a21c-6c824bc8cceb,TV-200214,in_transit,2026-07-02T20:13:00Z
f8afd658-36e5-44b9-ad97-7b6527158514,TV-200265,in_transit,2026-07-05T13:11:00Z
c7f838ff-b8c9-4f43-a0e6-7baf6a8a134b,TV-200033,created,2026-07-03T09:41:00Z
27b717d0-1673-42ce-99c4-ec2485215cb0,TV-200178,delivered,2026-07-06T11:19:00Z
99e55c19-03bb-4d6f-873d-0bc8cd075200,TV-200212,created,2026-07-02T06:12:00Z
00149013-9098-412d-bc1b-b26730269820,TV-200103,failed,2026-07-04T08:27:00Z
ee4c7b27-fecb-4e87-8fc4-6ac73ca54f12,TV-200210,created,2026-07-02T01:50:00Z
d7f71cd6-73c9-48cf-9b3a-88a0f25ba484,TV-200271,picked_up,2026-07-04T12:43:00Z
4537b193-382e-4f29-aa2a-fbb63eab7812,TV-200234,picked_up,2026-07-02T14:43:00Z
9ad05d51-c4c4-432d-8595-905c2e36d9ad,TV-200267,delivered,2026-07-02T14:11:00Z
07c5ecc8-aae2-457e-9478-887d6ba42f6e,TV-200213,created,2026-07-03T14:37:00Z
6f6fcf07-5314-4e02-a266-e32a4faa4664,TV-200067,in_transit,2026-07-05T00:27:00Z
8f1f338f-37c5-4474-b6ce-b33aea572197,TV-200085,created,2026-07-03T06:42:00Z
cc7555e5-d4ae-4faa-9278-218c5dd1cef1,TV-200119,picked_up,2026-07-06T16:27:00Z
b582ccd2-41c2-4677-b52c-2a86315283ab,TV-200096,created,2026-07-03T23:54:00Z
9b5eea64-e105-4002-b188-bd6bc674036c,TV-200112,picked_up,2026-07-04T17:09:00Z
367cb230-038f-49d5-a572-09619ffba861,TV-200116,created,2026-07-04T21:11:00Z
f8ee5425-6ef9-4a1b-82d0-6acbd20bb30a,TV-200076,in_transit,2026-07-04T06:50:00Z
b01e491e-9f08-4cbb-a9b7-a990e98bf63e,TV-200282,picked_up,2026-07-02T17:03:00Z
de926d78-dcef-4ca4-b601-40fe117fd2d1,TV-200109,in_transit,2026-07-04T08:47:00Z
8dbd66f6-46ee-414c-9ff3-9df98783ca55,TV-200055,created,2026-07-03T16:36:00Z
57ab34c4-e2cc-48fc-811c-3fbd7eb23eef,TV-200056,created,2026-07-01T17:25:00Z
094758ac-548f-4074-b0aa-e5c6f314e766,TV-200104,created,2026-07-05T21:51:00Z
535628d1-eed9-4733-9256-855d23bb57b8,TV-200052,picked_up,2026-07-04T23:03:00Z
1aff1cb8-2c7f-497d-b61d-be651f9f8bfa,TV-200295,created,2026-07-01T22:21:00Z
b91b4962-37fc-48c6-b19e-50e837f33555,TV-200042,picked_up,2026-07-02T23:12:00Z
dea51f1d-e98c-4421-8480-72c2b7cee6f3,TV-200020,created,2026-07-02T16:37:00Z
63427b08-0132-4964-9edc-242a18b1ab7f,TV-200168,picked_up,2026-07-04T20:36:00Z
24421caa-b165-45e8-bcb1-8c03ed88458e,TV-200146,picked_up,2026-07-02T05:20:00Z
0a611345-9f20-4219-9087-ab54513392d5,TV-200276,created,2026-07-05T11:32:00Z
d03ac1c4-c428-4050-958a-b73e9f35711a,TV-200260,created,2026-07-03T08:40:00Z
95cb3984-1824-4203-924b-b2731dfa3258,TV-200062,in_transit,2026-07-03T03:34:00Z
75ee36cd-cad5-44db-a437-956bf7265686,TV-200197,in_transit,2026-07-06T08:33:00Z
86d3e669-eb7a-48b7-816c-e7f4c31da66b,TV-200214,picked_up,2026-07-02T13:46:00Z
5bb09ba0-aea2-4b91-8723-41667cf96021,TV-200276,picked_up,2026-07-05T16:42:00Z
85280a86-cdcf-4233-aed3-beff2d55ce51,TV-200264,delivered,2026-07-05T15:36:00Z
befade80-0f6f-4cf7-a325-effa40de284a,TV-200044,created,2026-07-04T06:13:00Z
0d6ed017-93d5-454b-a886-735551f45a24,TV-200115,in_transit,2026-07-03T09:20:00Z
30cacade-fc17-4039-8491-b7b72b2fafe1,TV-200173,picked_up,2026-07-06T09:24:00Z
0063d840-9c67-42e4-9d52-2715e032060e,TV-200229,created,2026-07-05T01:36:00Z
ceda485e-a93b-471b-8e7f-09a8a9f7add2,TV-200157,created,2026-07-06T05:04:00Z
03534a6a-f34d-4414-9e28-bcf7499f8c40,TV-200302,delivered,2026-07-06T16:59:00Z
7fea9619-ec86-4fca-9994-14e1f4706b17,TV-200310,delivered,2026-07-06T07:19:00Z
68b3cb48-ccaa-422b-94b1-9fa0221f1964,TV-200214,failed,2026-07-02T22:54:00Z
dd697c29-679f-4910-942a-2c7d117e0dde,TV-200108,created,2026-07-01T18:43:00Z
577f365a-1119-4d09-9ef6-a00d9b40260d,TV-200043,created,2026-07-02T14:08:00Z
3802842c-3266-459c-aaf0-e5738d8dba5f,TV-200287,in_transit,2026-07-03T11:22:00Z
b7378f15-587d-418b-ac98-c44d24e4d148,TV-200193,picked_up,2026-07-05T11:24:00Z
03ea31c6-3e42-41eb-b439-37dea49bab15,TV-200138,picked_up,2026-07-02T23:48:00Z
90f105c8-e363-46e4-93f2-4fdfb0810dac,TV-200260,picked_up,2026-07-03T10:18:00Z
a8e24d38-9080-4d9f-ad53-45daf9063584,TV-200139,created,2026-07-02T09:56:00Z
0d26aaa7-a176-4bfe-9efa-04810343daa4,TV-200176,picked_up,2026-07-06T14:40:00Z
dfd8cef9-8574-4fce-be03-82ed0f0a5b6d,TV-200160,picked_up,2026-07-03T13:25:00Z
91975e30-7423-417a-a7aa-ae77894e2931,TV-200242,picked_up,2026-07-03T09:01:00Z
629bdca6-f0d5-4f30-8593-5043e4129c35,TV-200268,picked_up,2026-07-03T23:58:00Z
f689d19b-1925-4026-b7da-de2b8f19d76c,TV-200299,created,2026-07-01T19:28:00Z
3127cb80-81e9-474a-abdf-a1cdf3ac437a,TV-200105,in_transit,2026-07-06T14:00:00Z
8ab6b64f-cdd1-4d62-80ae-515798baebd7,TV-200024,created,2026-07-03T08:40:00Z
dc9d71e8-e7ce-4b6d-af9e-7a2aac011d44,TV-200030,delivered,2026-07-02T16:04:00Z
4f84beaa-8e61-4091-8135-2d0a98d1266a,TV-200290,picked_up,2026-07-06T05:56:00Z
5e888b9d-97f3-4e26-9c3c-68b06f226b8a,TV-200044,picked_up,2026-07-04T08:13:00Z
bbc06366-48ca-41e0-8b13-8418fe5c715d,TV-200184,picked_up,2026-07-05T07:36:00Z
37385aeb-0c00-4e7f-9678-84f9fd37227f,TV-200272,created,2026-07-06T04:54:00Z
98de88fa-4f29-40a8-a3c6-bdfeebd71964,TV-200157,picked_up,2026-07-06T06:05:00Z
78922d80-afa0-469d-91ba-b3f2f9e7425d,TV-200123,in_transit,2026-07-05T23:50:00Z
116c3de0-1e00-486e-aa82-9ca3cc93081d,TV-200192,picked_up,2026-07-02T08:10:00Z
4e6b6e17-78cd-427f-900b-eac0e161ede7,TV-200185,in_transit,2026-07-02T10:32:00Z
d9137238-6920-4614-8c96-1b94b9369e3f,TV-200120,in_transit,2026-07-05T19:26:00Z
1cffbd59-76d4-42dc-a8d9-d8410151fdbf,TV-200296,picked_up,2026-07-03T16:08:00Z
b5a9b190-7f40-4382-8981-cfdf8035b654,TV-200165,picked_up,2026-07-05T06:27:00Z
7f9ec57f-b437-4278-bf24-8d17a4e94355,TV-200268,created,2026-07-03T22:40:00Z
29a0b050-4f35-45f4-99d0-508fc0251ff5,TV-200080,created,2026-07-06T07:37:00Z
204087f6-791f-455d-8772-b5f40979f39f,TV-200048,created,2026-07-06T04:46:00Z
2f4a7686-1a46-42df-8f72-47bf28465fac,TV-200268,in_transit,2026-07-04T06:35:00Z
be37354a-6222-4fb2-a70f-5f5b0ce21152,TV-200068,in_transit,2026-07-03T21:08:00Z
f3512398-6db3-496f-a597-09f1590fad9a,TV-200041,in_transit,2026-07-02T12:07:00Z
c5808a9b-e700-4e48-ac07-3c6270a4c0b0,TV-200076,picked_up,2026-07-04T06:02:00Z
1949529f-4d9b-4133-b409-97a64c81384f,TV-200170,delivered,2026-07-04T05:49:00Z
49d8f458-b55c-4f06-9b63-339479fe7f61,TV-200304,in_transit,2026-07-04T05:44:00Z
5745d011-91a0-4d82-9317-84a3fffac249,TV-200269,created,2026-07-05T01:53:00Z
72fb616b-1b53-4976-9f2f-83556078f5b3,TV-200059,delivered,2026-07-06T09:08:00Z
993a7e3e-a26d-48cc-97cd-d0746b271920,TV-200213,delivered,2026-07-04T10:47:00Z
8ecd932a-99f6-4e59-b9af-2e2241cb0838,TV-200236,picked_up,2026-07-02T12:01:00Z
fe95f980-4a83-482d-9977-01eb7787a2a3,TV-200308,delivered,2026-07-04T07:11:00Z
727e0ade-3a30-4119-be7d-aeec8f51f2a3,TV-200240,created,2026-07-02T04:46:00Z
fba2c6ca-69ae-4d36-a5c3-86ba2ffeefc3,TV-200054,created,2026-07-03T07:58:00Z
ae484e3a-6fe6-463d-985f-3e0d941687e1,TV-200103,created,2026-07-03T13:50:00Z
769451b1-1bfc-4141-8478-be0656aed27b,TV-200098,picked_up,2026-07-03T06:58:00Z
92292ccd-211f-47e1-9114-a45052ec27a6,TV-200181,created,2026-07-04T04:57:00Z
d2b7e8a4-a4ff-4f3a-b19a-b393a5258f52,TV-200184,created,2026-07-05T03:24:00Z
fd654bb5-bdb6-4773-9c40-5d56e0837c7d,TV-200023,picked_up,2026-07-05T16:38:00Z
b796db49-2d0d-4743-8956-56bbce7d90c4,TV-200239,created,2026-07-06T05:50:00Z
5b7f5a9b-4995-4c55-b116-583a07270940,TV-200116,picked_up,2026-07-05T00:18:00Z
a511d8bb-382c-41dc-b341-371b52b91476,TV-200223,created,2026-07-04T09:00:00Z
c2f4771a-bd15-4b46-9129-8ae0a19554a4,TV-200108,delivered,2026-07-02T07:12:00Z
e5077e5b-d4d3-426f-a2f8-c7cd47d8d5d7,TV-200284,picked_up,2026-07-02T11:35:00Z
db8a542e-9e17-4886-98ca-a908f78bb086,TV-200229,in_transit,2026-07-05T14:18:00Z
7175bf2b-b4d7-494f-b647-f9798111d9f4,TV-200274,delivered,2026-07-05T04:46:00Z
681bc66d-740f-46bd-ba11-022165d11d15,TV-200031,created,2026-07-02T09:57:00Z
ead71a4e-c590-4f58-9be0-1fd415f8c33a,TV-200149,delivered,2026-07-03T17:21:00Z
6df26159-c6c0-4be4-8ba1-d17c349e18e6,TV-200240,in_transit,2026-07-02T16:36:00Z
6a0604c0-414f-4756-b819-024c0b07b3a4,TV-200059,picked_up,2026-07-05T22:53:00Z
9e72f8bc-9f70-4e33-8610-5b15941edfb9,TV-200152,created,2026-07-01T19:17:00Z
2c72550a-059d-482c-b23a-d315807d870a,TV-200026,picked_up,2026-07-06T21:15:00Z
f830fd46-4942-4919-add8-de20ae158382,TV-200286,picked_up,2026-07-05T16:37:00Z
63962c6c-db91-460c-ae32-dbb21db24884,TV-200046,in_transit,2026-07-03T00:49:00Z
9c982add-d222-4821-a0b2-95599a0c19bb,TV-200041,delivered,2026-07-02T14:18:00Z
34d3d650-ca5e-4041-ac3b-c5715f42f04e,TV-200068,picked_up,2026-07-03T17:13:00Z
a53c4652-0d75-408b-8c11-c4f0b796caa2,TV-200164,created,2026-07-02T18:46:00Z
c1c23caf-5338-436f-b7f6-4528312d0c5b,TV-200233,delivered,2026-07-02T20:36:00Z
baebefce-0937-47ff-9801-53421b4a2b85,TV-200096,in_transit,2026-07-04T16:20:00Z
0c441951-59fd-4b75-b028-1c8a51b7807c,TV-200206,created,2026-07-05T19:03:00Z
42a00ab0-b34f-4cf2-bd9b-a25ec914523f,TV-200073,picked_up,2026-07-06T16:24:00Z
49c9c34b-8a05-4e85-8c03-82e865ad6229,TV-200300,created,2026-07-04T20:15:00Z
073ed8e7-fd4f-4ba4-a799-1a715200626c,TV-200237,created,2026-07-03T15:49:00Z
595ac466-2de1-4fda-86ea-7a87f2ea7811,TV-200088,created,2026-07-04T12:25:00Z
ff1942f8-df06-4a2e-93fa-3a703371b498,TV-200263,created,2026-07-02T10:37:00Z
1b9a56ee-816a-4ccd-b5ea-5d8943f48e9d,TV-200088,in_transit,2026-07-04T18:40:00Z
cf79d652-662a-4065-8f49-95c831ae3ebe,TV-200040,picked_up,2026-07-04T09:27:00Z
12a81c2c-f296-41a4-84d1-32da0669564a,TV-200188,in_transit,2026-07-06T06:09:00Z
15e1b8bd-dbd3-4871-be08-9aae539f2707,TV-200130,created,2026-07-05T14:44:00Z
9f8c1692-c48f-43ad-b624-ce5c237a4d37,TV-200173,in_transit,2026-07-06T09:46:00Z
105ee0d3-4ec8-4c23-8364-ac32e9ff0c04,TV-200167,in_transit,2026-07-05T08:12:00Z
b2fd5a80-d8e9-4e23-adb4-d24225dbb551,TV-200063,in_transit,2026-07-03T04:56:00Z
87543327-8633-4cec-8cf0-4e7d1fdfe72e,TV-200249,created,2026-07-02T05:45:00Z
49d63bf4-8103-4c7c-9069-3fb237be3466,TV-200009,delivered,2026-07-03T00:34:00Z
8b9c0206-1993-4db0-8aa9-1a6a02b68ec9,TV-200039,picked_up,2026-07-06T09:05:00Z
7b263a20-962a-46c2-ba1f-e79cd7ad7599,TV-200084,in_transit,2026-07-05T18:21:00Z
65a62f1c-82ed-409f-bae8-f337c4f71721,TV-200094,picked_up,2026-07-04T09:10:00Z
dbf0abfe-919b-4774-b74c-e1bc23305838,TV-200217,picked_up,2026-07-06T09:14:00Z
7da57d77-5614-4a53-a6be-895d63c33037,TV-200107,created,2026-07-05T14:01:00Z
7139da38-c730-4aa9-b992-606cc362ed7f,TV-200134,in_transit,2026-07-03T13:07:00Z
6a033f69-2fe7-43ff-b880-aa07892d0dda,TV-200305,created,2026-07-05T04:29:00Z
f82b7940-066c-423a-93ef-f84bf17b0df5,TV-200177,in_transit,2026-07-02T10:56:00Z
1b53dea2-d9c0-4207-9b92-81be1aed2fe4,TV-200047,picked_up,2026-07-03T09:29:00Z
609a9fcc-7473-4eec-8e91-d908e70777fb,TV-200193,created,2026-07-05T06:48:00Z
73159695-b660-495c-836a-ac9ed66f17b0,TV-200028,created,2026-07-01T13:55:00Z
1b4e7525-0692-4229-9307-e2e8b3922410,TV-200258,picked_up,2026-07-02T05:56:00Z
65067dbd-2951-4920-8816-7f1246c70bbb,TV-200012,in_transit,2026-07-03T15:40:00Z
8722c9fd-b4dc-445d-86bd-4da5b4fc9312,TV-200124,picked_up,2026-07-06T11:28:00Z
c0f2f8c5-d42b-4659-935a-28ec3b8736b1,TV-200124,created,2026-07-06T05:38:00Z
5486f7aa-d198-4824-85a3-637e025cb79a,TV-200151,created,2026-07-05T03:17:00Z
814cb51e-9a48-4953-a0de-4d3ed54396a7,TV-200310,picked_up,2026-07-05T23:54:00Z
c7b44797-e927-4c59-a2db-030b61225e1d,TV-200053,created,2026-07-02T18:36:00Z
cbef2681-b900-4645-ab89-26d93e16ba99,TV-200203,picked_up,2026-07-06T08:24:00Z
8c1367c7-f0bf-49cd-b278-5588d02c8259,TV-200011,in_transit,2026-07-03T02:21:00Z
bde8145c-b404-46cc-81ba-eafddb4e67a4,TV-200189,delivered,2026-07-07T05:45:00Z
8e324a68-3938-4eb7-8088-e93b444a0af1,TV-200128,picked_up,2026-07-03T13:01:00Z
1f5cfec1-5da1-4940-ad3f-419f348a5cb6,TV-200121,created,2026-07-06T11:29:00Z
c26335da-d39d-42dd-840d-32121bc5ea3e,TV-200123,created,2026-07-05T05:44:00Z
b9c2579d-b2c5-4dcd-8c44-497b636e42dd,TV-200216,created,2026-07-04T23:59:00Z
b1696e42-9327-468f-87cc-3371868ae0f5,TV-200264,in_transit,2026-07-05T05:38:00Z
f1bf3084-8f15-40ac-a997-44a50a51de38,TV-200079,delivered,2026-07-02T23:49:00Z
70dc50ab-11af-4964-95df-eac721239586,TV-200024,picked_up,2026-07-03T14:00:00Z
997cfaf7-6cd6-4c25-97b8-adcad34b07d9,TV-200043,picked_up,2026-07-02T22:21:00Z
b5b6ee71-e17e-439f-bd87-821657351255,TV-200012,created,2026-07-03T06:01:00Z
3b8daf14-280d-41df-9af8-1073951120ab,TV-200147,failed,2026-07-03T06:07:00Z
6b01e5f1-c0c8-4a37-af7e-d26340d0e402,TV-200265,picked_up,2026-07-05T10:17:00Z
4253a2dc-3975-449d-8b29-2dae7a0629f4,TV-200228,picked_up,2026-07-04T23:21:00Z
738e82db-dd9f-4527-ae85-11ac194f7817,TV-200204,picked_up,2026-07-06T22:22:00Z
9a224705-e7bd-463d-a57d-9e9c6028bad6,TV-200285,picked_up,2026-07-06T04:13:00Z
ff176856-5e8f-4828-8c02-96f84f7d6c5f,TV-200049,created,2026-07-02T15:02:00Z
61b07f3d-5e6f-47ed-be99-9a7d40324eab,TV-200011,created,2026-07-02T20:22:00Z
4ad7a088-e473-49ed-bb55-7ecb2284d499,TV-200054,in_transit,2026-07-03T17:28:00Z
2fca23ef-941a-4863-94de-56051832064f,TV-200228,in_transit,2026-07-05T01:50:00Z
bfefb7c9-e58f-4464-875b-c1363fbac32f,TV-200254,created,2026-07-04T12:57:00Z
fcbbb014-9896-4f42-a76d-8052ec6d1ee1,TV-200291,created,2026-07-05T08:04:00Z
697e8039-edba-4314-8226-d8503d4b203d,TV-200172,picked_up,2026-07-04T09:33:00Z
e76280ca-5877-4c2b-9ac3-1a5cb1c52f14,TV-200122,created,2026-07-05T06:56:00Z
63220ffd-4cad-47c9-8a64-d2372a3c0f13,TV-200137,picked_up,2026-07-03T00:55:00Z
a8589391-aca2-48d1-9357-1e74c90cd0e0,TV-200213,in_transit,2026-07-04T06:26:00Z
36e2fff4-e115-4d48-8a75-67a6a08c6ba2,TV-200225,created,2026-07-05T20:30:00Z
f8827e6f-f95b-4c87-a065-212e9c42faa2,TV-200027,created,2026-07-03T14:08:00Z
52a1be3f-60cb-4649-a323-2c17b6e1dd4f,TV-200020,in_transit,2026-07-03T10:23:00Z
629bdca6-f0d5-4f30-8593-5043e4129c35,TV-200268,picked_up,2026-07-03T23:58:00Z
8ae493ec-27aa-4988-ba24-6712f0f46f71,TV-200214,created,2026-07-02T04:09:00Z
ac26dd00-f86d-46fb-8513-4a44b3ea405d,TV-200093,created,2026-07-02T17:10:00Z
6ebcff8e-ef01-4eb3-97fb-516eb165e316,TV-200146,delivered,2026-07-02T11:53:00Z
3d87a605-ae39-4bd6-bbc0-af120448150f,TV-200206,delivered,2026-07-06T10:43:00Z
31eae88f-b4fd-4ad6-8b91-99de53cc6d75,TV-200117,delivered,2026-07-02T10:42:00Z
25f95f3f-82b9-48fe-930b-6db93a380153,TV-200308,in_transit,2026-07-04T00:46:00Z
cf2dfb9a-6a39-45d6-9938-2f891b1afe23,TV-200293,created,2026-07-03T05:14:00Z
28b558e1-31cd-4f92-888a-72a91a89ca0b,TV-200265,created,2026-07-05T04:34:00Z
1260586a-ad96-4ad9-ac0d-7e17b7b09f67,TV-200015,picked_up,2026-07-05T13:16:00Z
e18e55d0-7a53-4fab-95db-6ad5989b1c93,TV-200150,picked_up,2026-07-05T03:48:00Z
9c0aeb4f-b6aa-49df-812a-5959ef99d5e9,TV-200117,picked_up,2026-07-01T23:53:00Z
9faef1ce-bad6-4d6c-8934-5b1771b77eb7,TV-200149,in_transit,2026-07-03T12:31:00Z
b9724680-8519-4e4d-a29a-95e473c2f99e,TV-200232,picked_up,2026-07-04T06:40:00Z
4d9c1a6b-a403-484c-9982-c3271e533a80,TV-200057,created,2026-07-04T13:22:00Z
0a342387-eeba-48a4-8716-1351ee061b23,TV-200144,created,2026-07-04T22:57:00Z
2c49ded7-bbe7-4cfd-8fa5-217fbc3abb19,TV-200241,delivered,2026-07-05T12:04:00Z
a70f3f8e-a13e-4ab4-b11b-09bf037f0a52,TV-200202,picked_up,2026-07-03T09:00:00Z
e8b56fc7-163b-47e8-972a-9a7e15d7e8ae,TV-200150,created,2026-07-04T20:13:00Z
a67156f2-8e73-4103-bd71-b7a4528313d9,TV-200104,in_transit,2026-07-06T14:51:00Z
615d8fba-8f4c-4eca-a93e-2013d31bd679,TV-200101,created,2026-07-05T12:25:00Z
d78b62df-9ba1-47e8-b948-7d8559489784,TV-200220,failed,2026-07-02T04:41:00Z
78679da0-afb1-4761-b677-6ee0ec7f6927,TV-200111,created,2026-07-03T05:30:00Z
01618221-5264-4629-bb38-763309a8a6d9,TV-200028,delivered,2026-07-02T01:28:00Z
67821826-8080-4c97-aa60-cab169654dbc,TV-200035,delivered,2026-07-04T21:56:00Z
532ee5a8-cfbd-4562-b66e-034659782631,TV-200109,created,2026-07-03T21:09:00Z
1bf37090-e49e-4d72-9430-2eae7c583b6c,TV-200100,created,2026-07-02T05:47:00Z
b0265f7f-d87c-4acf-b9a7-3d092775b2b5,TV-200182,picked_up,2026-07-05T08:21:00Z
285b1039-ff9a-48a3-a9a1-b89d6513f3cb,TV-200062,created,2026-07-02T18:56:00Z
5bd1698d-f616-48ab-a854-eee6e666bc22,TV-200278,picked_up,2026-07-05T11:57:00Z
138afd80-2b06-4f58-b40f-b933f947b0d3,TV-200202,created,2026-07-03T03:38:00Z
be0b8afe-07d7-4d5a-8400-768b812f1a86,TV-200145,picked_up,2026-07-03T13:46:00Z
a77cec20-3931-4dc6-9b52-b3e5f1e6c263,TV-200028,in_transit,2026-07-01T23:14:00Z
5bc52076-02c3-4e99-b6ed-7340e4c23adf,TV-200143,in_transit,2026-07-03T10:11:00Z
f1ad3058-d0f3-4efa-8d83-07a6b17da7e1,TV-200246,picked_up,2026-07-03T10:10:00Z
62ca36bc-f447-4afc-9a5a-d528c937b628,TV-200029,in_transit,2026-07-06T19:16:00Z
ca61ea94-b89c-4803-854d-ea5a64d27a57,TV-200271,in_transit,2026-07-04T14:06:00Z
daa93db3-e22e-4a5b-ba07-476eca3d6229,TV-200090,picked_up,2026-07-05T05:07:00Z
5c8f4b8b-f5a4-449a-a221-ec8c09a40aa3,TV-200174,created,2026-07-06T11:01:00Z
ddf021d4-0bd6-4669-a097-a0b511d68319,TV-200270,in_transit,2026-07-05T00:14:00Z
fb8f5d10-4557-4d8a-a0b3-6f33f2c3c84b,TV-200280,picked_up,2026-07-05T20:05:00Z
e6f60ad2-b98b-40e9-b56b-428b66db37a0,TV-200123,picked_up,2026-07-05T15:15:00Z
e3b21f86-b814-4b6c-b7b7-f40a99e0a535,TV-200167,created,2026-07-04T23:32:00Z
a82df715-3b41-4db2-9c4e-079cc1d927d4,TV-200233,picked_up,2026-07-02T10:15:00Z
9c8d63ae-31e5-4e64-be25-97866fab8f3b,TV-200166,picked_up,2026-07-03T15:43:00Z
a3ea08d0-4238-4583-a012-747622f13c86,TV-200064,created,2026-07-01T14:30:00Z
75179b4d-05c2-4130-bdd8-930f7c8d771c,TV-200114,picked_up,2026-07-02T11:41:00Z
533a375b-a75c-4d8c-8373-990102dd14c4,TV-200129,picked_up,2026-07-02T07:24:00Z
baebefce-0937-47ff-9801-53421b4a2b85,TV-200096,in_transit,2026-07-04T16:20:00Z
